INSERT INTO "sys_dict" ("id", "module", "dict_type", "dict_name", "remark", "active", "built_in", "create_user", "create_time", "update_user", "update_time") VALUES ('5fb53690-b1ee-4cce-9c33-28369e158a27', 'kuark:geo', 'continent_ocean', '大洲大洋', '大洲大洋', true, true, null, null, null, null);
INSERT INTO "sys_dict_item" ("id", "dict_id", "item_code", "parent_code", "item_name", "seq_no", "remark", "active", "built_in", "create_user", "create_time", "update_user", "update_time") VALUES ('66362b47-67d7-48f7-b7b3-f43d673471a4', '5fb53690-b1ee-4cce-9c33-28369e158a27', 'continent-AS', null, '亚洲', 1, '亚洲 Asia', true, true, null, null, null, null);
INSERT INTO "sys_dict_item" ("id", "dict_id", "item_code", "parent_code", "item_name", "seq_no", "remark", "active", "built_in", "create_user", "create_time", "update_user", "update_time") VALUES ('1c843eac-81a5-43d1-8a01-9b74e1badc3d', '5fb53690-b1ee-4cce-9c33-28369e158a27', 'continent-EU', null, '欧洲', 2, '欧洲 Europe', true, true, null, null, null, null);
INSERT INTO "sys_dict_item" ("id", "dict_id", "item_code", "parent_code", "item_name", "seq_no", "remark", "active", "built_in", "create_user", "create_time", "update_user", "update_time") VALUES ('438393e5-c1c9-4f69-997c-ecc26bdc693a', '5fb53690-b1ee-4cce-9c33-28369e158a27', 'continent-NA', null, '北美洲', 3, '北美洲 North America', true, true, null, null, null, null);
INSERT INTO "sys_dict_item" ("id", "dict_id", "item_code", "parent_code", "item_name", "seq_no", "remark", "active", "built_in", "create_user", "create_time", "update_user", "update_time") VALUES ('a70fe770-18c1-4e26-bdb6-6a1f0aef1a33', '5fb53690-b1ee-4cce-9c33-28369e158a27', 'continent-SA', null, '南美洲', 4, '南美洲 South America', true, true, null, null, null, null);
INSERT INTO "sys_dict_item" ("id", "dict_id", "item_code", "parent_code", "item_name", "seq_no", "remark", "active", "built_in", "create_user", "create_time", "update_user", "update_time") VALUES ('43e41d9d-a758-4914-bce1-f57d3a0e03e6', '5fb53690-b1ee-4cce-9c33-28369e158a27', 'continent-AF', null, '非洲', 5, '非洲 Africa', true, true, null, null, null, null);
INSERT INTO "sys_dict_item" ("id", "dict_id", "item_code", "parent_code", "item_name", "seq_no", "remark", "active", "built_in", "create_user", "create_time", "update_user", "update_time") VALUES ('88a11787-4b32-490c-9899-fcce4c30088a', '5fb53690-b1ee-4cce-9c33-28369e158a27', 'continent-OC', null, '大洋洲', 6, '大洋洲 Oceania', true, true, null, null, null, null);
INSERT INTO "sys_dict_item" ("id", "dict_id", "item_code", "parent_code", "item_name", "seq_no", "remark", "active", "built_in", "create_user", "create_time", "update_user", "update_time") VALUES ('9e3726f8-d1d9-4f96-92e8-f1d4e84058fc', '5fb53690-b1ee-4cce-9c33-28369e158a27', 'continent-AN', null, '南极洲', 7, '南极洲 Antarctica', true, true, null, null, null, null);
INSERT INTO "sys_dict_item" ("id", "dict_id", "item_code", "parent_code", "item_name", "seq_no", "remark", "active", "built_in", "create_user", "create_time", "update_user", "update_time") VALUES ('44b596b6-1ee7-4a3a-9464-94c6c4238ca3', '5fb53690-b1ee-4cce-9c33-28369e158a27', 'ocean-Pacific', null, '太平洋', 8, '太平洋(the Pacific Ocean)', true, false, null, null, null, null);
INSERT INTO "sys_dict_item" ("id", "dict_id", "item_code", "parent_code", "item_name", "seq_no", "remark", "active", "built_in", "create_user", "create_time", "update_user", "update_time") VALUES ('43c43a66-8a7a-4080-af9b-551131431a2f', '5fb53690-b1ee-4cce-9c33-28369e158a27', 'ocean-Atlantic', null, '大西洋', 9, '大西洋(the Atlantic Ocean)', true, false, null, null, null, null);
INSERT INTO "sys_dict_item" ("id", "dict_id", "item_code", "parent_code", "item_name", "seq_no", "remark", "active", "built_in", "create_user", "create_time", "update_user", "update_time") VALUES ('dabb931a-2b97-44fe-ad0f-161f4a636d90', '5fb53690-b1ee-4cce-9c33-28369e158a27', 'ocean-Indian', null, '印度洋', 10, '印度洋(the Indian Ocean)', true, false, null, null, null, null);
INSERT INTO "sys_dict_item" ("id", "dict_id", "item_code", "parent_code", "item_name", "seq_no", "remark", "active", "built_in", "create_user", "create_time", "update_user", "update_time") VALUES ('dcc94076-e3d9-4165-87fe-0fe875d48a5b', '5fb53690-b1ee-4cce-9c33-28369e158a27', 'ocean-Arctic', null, '北冰洋', 11, '北冰洋(the Arctic Ocean)', true, false, null, null, null, null);



INSERT INTO "sys_dict" ("id", "module", "dict_type", "dict_name", "remark", "active", "built_in", "create_user", "create_time", "update_user", "update_time") VALUES ('13979f53-d4da-45fc-a301-48bfecb4f0f4', 'kuark:geo', 'locale', '国家-语言', '国家-语言', true, true, null, null, null, null);
INSERT INTO "sys_dict_item" ("id", "dict_id", "item_code", "parent_code", "item_name", "seq_no", "remark", "active", "built_in", "create_user", "create_time", "update_user", "update_time") VALUES ('659e207e-ba21-4f78-8c11-fae47783aff1', '13979f53-d4da-45fc-a301-48bfecb4f0f4', 'af', null, '南非荷兰语', null, '南非荷兰语', true, true, null, null, null, null);
INSERT INTO "sys_dict_item" ("id", "dict_id", "item_code", "parent_code", "item_name", "seq_no", "remark", "active", "built_in", "create_user", "create_time", "update_user", "update_time") VALUES ('92997a88-f9fe-4f90-af67-0a004245ec36', '13979f53-d4da-45fc-a301-48bfecb4f0f4', 'ar-AE', null, '阿拉伯语(阿拉伯联合酋长国)', null, '阿拉伯语(阿拉伯联合酋长国)', true, true, null, null, null, null);
INSERT INTO "sys_dict_item" ("id", "dict_id", "item_code", "parent_code", "item_name", "seq_no", "remark", "active", "built_in", "create_user", "create_time", "update_user", "update_time") VALUES ('928674b5-b2de-48af-a534-386d3e71104b', '13979f53-d4da-45fc-a301-48bfecb4f0f4', 'ar-BH', null, '阿拉伯语(巴林)', null, '阿拉伯语(巴林)', true, true, null, null, null, null);
INSERT INTO "sys_dict_item" ("id", "dict_id", "item_code", "parent_code", "item_name", "seq_no", "remark", "active", "built_in", "create_user", "create_time", "update_user", "update_time") VALUES ('797d0b89-f66a-4a88-a422-49af44653f09', '13979f53-d4da-45fc-a301-48bfecb4f0f4', 'ar-DZ', null, '阿拉伯语(阿尔及利亚)', null, '阿拉伯语(阿尔及利亚)', true, true, null, null, null, null);
INSERT INTO "sys_dict_item" ("id", "dict_id", "item_code", "parent_code", "item_name", "seq_no", "remark", "active", "built_in", "create_user", "create_time", "update_user", "update_time") VALUES ('b3ced406-c6c3-4904-ae16-fb02b32497e2', '13979f53-d4da-45fc-a301-48bfecb4f0f4', 'ar-EG', null, '阿拉伯语(埃及)', null, '阿拉伯语(埃及)', true, true, null, null, null, null);
INSERT INTO "sys_dict_item" ("id", "dict_id", "item_code", "parent_code", "item_name", "seq_no", "remark", "active", "built_in", "create_user", "create_time", "update_user", "update_time") VALUES ('eb5a6722-63be-4e9d-b8c4-9dead988a111', '13979f53-d4da-45fc-a301-48bfecb4f0f4', 'ar-IQ', null, '阿拉伯语(伊拉克)', null, '阿拉伯语(伊拉克)', true, true, null, null, null, null);
INSERT INTO "sys_dict_item" ("id", "dict_id", "item_code", "parent_code", "item_name", "seq_no", "remark", "active", "built_in", "create_user", "create_time", "update_user", "update_time") VALUES ('3c542fe9-946f-48dc-bdba-5851c6c25214', '13979f53-d4da-45fc-a301-48bfecb4f0f4', 'ar-JO', null, '阿拉伯语(约旦)', null, '阿拉伯语(约旦)', true, true, null, null, null, null);
INSERT INTO "sys_dict_item" ("id", "dict_id", "item_code", "parent_code", "item_name", "seq_no", "remark", "active", "built_in", "create_user", "create_time", "update_user", "update_time") VALUES ('88ad2ea7-a6e9-4abe-9841-c39da32e8bd6', '13979f53-d4da-45fc-a301-48bfecb4f0f4', 'ar-KW', null, '阿拉伯语(科威特)', null, '阿拉伯语(科威特)', true, true, null, null, null, null);
INSERT INTO "sys_dict_item" ("id", "dict_id", "item_code", "parent_code", "item_name", "seq_no", "remark", "active", "built_in", "create_user", "create_time", "update_user", "update_time") VALUES ('d46ebf38-0a38-4af9-b984-d3163ee715bb', '13979f53-d4da-45fc-a301-48bfecb4f0f4', 'ar-LB', null, '阿拉伯语(黎巴嫩)', null, '阿拉伯语(黎巴嫩)', true, true, null, null, null, null);
INSERT INTO "sys_dict_item" ("id", "dict_id", "item_code", "parent_code", "item_name", "seq_no", "remark", "active", "built_in", "create_user", "create_time", "update_user", "update_time") VALUES ('e896d01c-cff9-441c-aea5-d0c963b91245', '13979f53-d4da-45fc-a301-48bfecb4f0f4', 'ar-LY', null, '阿拉伯语(利比亚)', null, '阿拉伯语(利比亚)', true, true, null, null, null, null);
INSERT INTO "sys_dict_item" ("id", "dict_id", "item_code", "parent_code", "item_name", "seq_no", "remark", "active", "built_in", "create_user", "create_time", "update_user", "update_time") VALUES ('f72e51af-2956-4855-8866-73387dc26942', '13979f53-d4da-45fc-a301-48bfecb4f0f4', 'ar-MA', null, '阿拉伯语(摩洛哥)', null, '阿拉伯语(摩洛哥)', true, true, null, null, null, null);
INSERT INTO "sys_dict_item" ("id", "dict_id", "item_code", "parent_code", "item_name", "seq_no", "remark", "active", "built_in", "create_user", "create_time", "update_user", "update_time") VALUES ('d0b2eb6d-23df-48a1-ad82-f3fc9610653d', '13979f53-d4da-45fc-a301-48bfecb4f0f4', 'ar-OM', null, '阿拉伯语(阿曼)', null, '阿拉伯语(阿曼)', true, true, null, null, null, null);
INSERT INTO "sys_dict_item" ("id", "dict_id", "item_code", "parent_code", "item_name", "seq_no", "remark", "active", "built_in", "create_user", "create_time", "update_user", "update_time") VALUES ('ca33d839-5ded-4c43-9636-7bf40409a3d1', '13979f53-d4da-45fc-a301-48bfecb4f0f4', 'ar-QA', null, '阿拉伯语(卡塔尔)', null, '阿拉伯语(卡塔尔)', true, true, null, null, null, null);
INSERT INTO "sys_dict_item" ("id", "dict_id", "item_code", "parent_code", "item_name", "seq_no", "remark", "active", "built_in", "create_user", "create_time", "update_user", "update_time") VALUES ('0e30fd47-c2a4-46eb-9173-134c2d13def2', '13979f53-d4da-45fc-a301-48bfecb4f0f4', 'ar-SA', null, '阿拉伯语(沙特阿拉伯)', null, '阿拉伯语(沙特阿拉伯)', true, true, null, null, null, null);
INSERT INTO "sys_dict_item" ("id", "dict_id", "item_code", "parent_code", "item_name", "seq_no", "remark", "active", "built_in", "create_user", "create_time", "update_user", "update_time") VALUES ('beae8e94-fc54-476d-a6c2-dde8a812caf6', '13979f53-d4da-45fc-a301-48bfecb4f0f4', 'ar-SY', null, '阿拉伯语(叙利亚)', null, '阿拉伯语(叙利亚)', true, true, null, null, null, null);
INSERT INTO "sys_dict_item" ("id", "dict_id", "item_code", "parent_code", "item_name", "seq_no", "remark", "active", "built_in", "create_user", "create_time", "update_user", "update_time") VALUES ('b1f27d0a-eacd-41a9-89b3-c305c9ea2e98', '13979f53-d4da-45fc-a301-48bfecb4f0f4', 'ar-TN', null, '阿拉伯语(突尼斯)', null, '阿拉伯语(突尼斯)', true, true, null, null, null, null);
INSERT INTO "sys_dict_item" ("id", "dict_id", "item_code", "parent_code", "item_name", "seq_no", "remark", "active", "built_in", "create_user", "create_time", "update_user", "update_time") VALUES ('71436e81-fbc1-4695-ab89-a3c4e1a2bacb', '13979f53-d4da-45fc-a301-48bfecb4f0f4', 'ar-YE', null, '阿拉伯语(也门)', null, '阿拉伯语(也门)', true, true, null, null, null, null);
INSERT INTO "sys_dict_item" ("id", "dict_id", "item_code", "parent_code", "item_name", "seq_no", "remark", "active", "built_in", "create_user", "create_time", "update_user", "update_time") VALUES ('4ad07f14-53a8-4ccc-a8f5-ae4ae2e6fd86', '13979f53-d4da-45fc-a301-48bfecb4f0f4', 'be', null, '贝劳语', null, '贝劳语', true, true, null, null, null, null);
INSERT INTO "sys_dict_item" ("id", "dict_id", "item_code", "parent_code", "item_name", "seq_no", "remark", "active", "built_in", "create_user", "create_time", "update_user", "update_time") VALUES ('b72ebb0e-ca68-4664-8439-a3bc8b2afa79', '13979f53-d4da-45fc-a301-48bfecb4f0f4', 'bg', null, '保加利亚语', null, '保加利亚语', true, true, null, null, null, null);
INSERT INTO "sys_dict_item" ("id", "dict_id", "item_code", "parent_code", "item_name", "seq_no", "remark", "active", "built_in", "create_user", "create_time", "update_user", "update_time") VALUES ('216d1ab5-a040-44ad-b263-9bac7b8e9f6e', '13979f53-d4da-45fc-a301-48bfecb4f0f4', 'ca', null, '加泰罗尼亚语', null, '加泰罗尼亚语', true, true, null, null, null, null);
INSERT INTO "sys_dict_item" ("id", "dict_id", "item_code", "parent_code", "item_name", "seq_no", "remark", "active", "built_in", "create_user", "create_time", "update_user", "update_time") VALUES ('e357052d-3bfe-458a-9a9a-b2a222c8c495', '13979f53-d4da-45fc-a301-48bfecb4f0f4', 'cs', null, '捷克语', null, '捷克语', true, true, null, null, null, null);
INSERT INTO "sys_dict_item" ("id", "dict_id", "item_code", "parent_code", "item_name", "seq_no", "remark", "active", "built_in", "create_user", "create_time", "update_user", "update_time") VALUES ('32ae3e23-0925-4a9b-8214-6fe7a27ab59b', '13979f53-d4da-45fc-a301-48bfecb4f0f4', 'da', null, '丹麦语', null, '丹麦语', true, true, null, null, null, null);
INSERT INTO "sys_dict_item" ("id", "dict_id", "item_code", "parent_code", "item_name", "seq_no", "remark", "active", "built_in", "create_user", "create_time", "update_user", "update_time") VALUES ('e4da444d-c127-4419-9365-cf781fde9f67', '13979f53-d4da-45fc-a301-48bfecb4f0f4', 'de', null, '德语(标准)', null, '德语(标准)', true, true, null, null, null, null);
INSERT INTO "sys_dict_item" ("id", "dict_id", "item_code", "parent_code", "item_name", "seq_no", "remark", "active", "built_in", "create_user", "create_time", "update_user", "update_time") VALUES ('48f790e1-f6a9-4179-a428-6e7c7eb6426c', '13979f53-d4da-45fc-a301-48bfecb4f0f4', 'de-AT', null, '德语(奥地利)', null, '德语(奥地利)', true, true, null, null, null, null);
INSERT INTO "sys_dict_item" ("id", "dict_id", "item_code", "parent_code", "item_name", "seq_no", "remark", "active", "built_in", "create_user", "create_time", "update_user", "update_time") VALUES ('61171d67-3158-4155-ae1d-66ad2be2bb59', '13979f53-d4da-45fc-a301-48bfecb4f0f4', 'de-CH', null, '德语(瑞士)', null, '德语(瑞士)', true, true, null, null, null, null);
INSERT INTO "sys_dict_item" ("id", "dict_id", "item_code", "parent_code", "item_name", "seq_no", "remark", "active", "built_in", "create_user", "create_time", "update_user", "update_time") VALUES ('08c747ae-61b7-4a6c-85d0-dbf66e637f88', '13979f53-d4da-45fc-a301-48bfecb4f0f4', 'de-LI', null, '德语(列支敦士登)', null, '德语(列支敦士登)', true, true, null, null, null, null);
INSERT INTO "sys_dict_item" ("id", "dict_id", "item_code", "parent_code", "item_name", "seq_no", "remark", "active", "built_in", "create_user", "create_time", "update_user", "update_time") VALUES ('60834bd1-0919-4571-884e-bd3ba0142a22', '13979f53-d4da-45fc-a301-48bfecb4f0f4', 'de-LU', null, '德语(卢森堡)', null, '德语(卢森堡)', true, true, null, null, null, null);
INSERT INTO "sys_dict_item" ("id", "dict_id", "item_code", "parent_code", "item_name", "seq_no", "remark", "active", "built_in", "create_user", "create_time", "update_user", "update_time") VALUES ('ec71f069-453b-45b2-8cbc-ce0fcdb74c2b', '13979f53-d4da-45fc-a301-48bfecb4f0f4', 'el', null, '希腊语', null, '希腊语', true, true, null, null, null, null);
INSERT INTO "sys_dict_item" ("id", "dict_id", "item_code", "parent_code", "item_name", "seq_no", "remark", "active", "built_in", "create_user", "create_time", "update_user", "update_time") VALUES ('87c05708-158f-42ff-b7b5-ddbede4374d0', '13979f53-d4da-45fc-a301-48bfecb4f0f4', 'en', null, '英语', 3, '英语', true, true, null, null, null, null);
INSERT INTO "sys_dict_item" ("id", "dict_id", "item_code", "parent_code", "item_name", "seq_no", "remark", "active", "built_in", "create_user", "create_time", "update_user", "update_time") VALUES ('30b2b9a9-80c3-4d41-b647-5c3fcfa0034a', '13979f53-d4da-45fc-a301-48bfecb4f0f4', 'en-AU', null, '英语(澳大利亚)', null, '英语(澳大利亚)', true, true, null, null, null, null);
INSERT INTO "sys_dict_item" ("id", "dict_id", "item_code", "parent_code", "item_name", "seq_no", "remark", "active", "built_in", "create_user", "create_time", "update_user", "update_time") VALUES ('a6c71537-3232-4257-bf63-d5bfa09ef985', '13979f53-d4da-45fc-a301-48bfecb4f0f4', 'en-BZ', null, '英语(伯利兹)', null, '英语(伯利兹)', true, true, null, null, null, null);
INSERT INTO "sys_dict_item" ("id", "dict_id", "item_code", "parent_code", "item_name", "seq_no", "remark", "active", "built_in", "create_user", "create_time", "update_user", "update_time") VALUES ('f12e5f0a-5f73-40f3-862e-f22551fa0385', '13979f53-d4da-45fc-a301-48bfecb4f0f4', 'en-CA', null, '英语(加拿大)', null, '英语(加拿大)', true, true, null, null, null, null);
INSERT INTO "sys_dict_item" ("id", "dict_id", "item_code", "parent_code", "item_name", "seq_no", "remark", "active", "built_in", "create_user", "create_time", "update_user", "update_time") VALUES ('025c2025-9764-495c-a28d-9b633c49561a', '13979f53-d4da-45fc-a301-48bfecb4f0f4', 'en-GB', null, '英语(英国)', null, '英语(英国)', true, true, null, null, null, null);
INSERT INTO "sys_dict_item" ("id", "dict_id", "item_code", "parent_code", "item_name", "seq_no", "remark", "active", "built_in", "create_user", "create_time", "update_user", "update_time") VALUES ('57ac6a3b-5005-4333-83cf-8eff63c16a8a', '13979f53-d4da-45fc-a301-48bfecb4f0f4', 'en-IE', null, '英语(爱尔兰)', null, '英语(爱尔兰)', true, true, null, null, null, null);
INSERT INTO "sys_dict_item" ("id", "dict_id", "item_code", "parent_code", "item_name", "seq_no", "remark", "active", "built_in", "create_user", "create_time", "update_user", "update_time") VALUES ('b8ee5a1e-92b4-4dfc-9ea2-4b19c7624ae7', '13979f53-d4da-45fc-a301-48bfecb4f0f4', 'en-JM', null, '英语(牙买加)', null, '英语(牙买加)', true, true, null, null, null, null);
INSERT INTO "sys_dict_item" ("id", "dict_id", "item_code", "parent_code", "item_name", "seq_no", "remark", "active", "built_in", "create_user", "create_time", "update_user", "update_time") VALUES ('3f28ca69-6655-4d5c-91fd-a1e3b11647b5', '13979f53-d4da-45fc-a301-48bfecb4f0f4', 'en-NZ', null, '英语(新西兰)', null, '英语(新西兰)', true, true, null, null, null, null);
INSERT INTO "sys_dict_item" ("id", "dict_id", "item_code", "parent_code", "item_name", "seq_no", "remark", "active", "built_in", "create_user", "create_time", "update_user", "update_time") VALUES ('c174053a-47ec-491b-b2fe-edd57b4a05ef', '13979f53-d4da-45fc-a301-48bfecb4f0f4', 'en-TT', null, '英语(特立尼达)', null, '英语(特立尼达)', true, true, null, null, null, null);
INSERT INTO "sys_dict_item" ("id", "dict_id", "item_code", "parent_code", "item_name", "seq_no", "remark", "active", "built_in", "create_user", "create_time", "update_user", "update_time") VALUES ('afaa466a-b5c1-4852-bb24-5f2e257e01e7', '13979f53-d4da-45fc-a301-48bfecb4f0f4', 'en-US', null, '英语(美国)', null, '英语(美国)', true, true, null, null, null, null);
INSERT INTO "sys_dict_item" ("id", "dict_id", "item_code", "parent_code", "item_name", "seq_no", "remark", "active", "built_in", "create_user", "create_time", "update_user", "update_time") VALUES ('2d5d7146-2fdd-4bbe-a713-39795e57007e', '13979f53-d4da-45fc-a301-48bfecb4f0f4', 'en-ZA', null, '英语(南非)', null, '英语(南非)', true, true, null, null, null, null);
INSERT INTO "sys_dict_item" ("id", "dict_id", "item_code", "parent_code", "item_name", "seq_no", "remark", "active", "built_in", "create_user", "create_time", "update_user", "update_time") VALUES ('c3f4176c-af71-4241-8574-d62d1ed4234f', '13979f53-d4da-45fc-a301-48bfecb4f0f4', 'es', null, '西班牙语(西班牙)', null, '西班牙语(西班牙)', true, true, null, null, null, null);
INSERT INTO "sys_dict_item" ("id", "dict_id", "item_code", "parent_code", "item_name", "seq_no", "remark", "active", "built_in", "create_user", "create_time", "update_user", "update_time") VALUES ('53bc3ab7-40bd-4026-a7eb-42f51f0f2cee', '13979f53-d4da-45fc-a301-48bfecb4f0f4', 'es-AR', null, '西班牙语(阿根廷)', null, '西班牙语(阿根廷)', true, true, null, null, null, null);
INSERT INTO "sys_dict_item" ("id", "dict_id", "item_code", "parent_code", "item_name", "seq_no", "remark", "active", "built_in", "create_user", "create_time", "update_user", "update_time") VALUES ('b8abb689-0285-4813-b362-2a17318efe02', '13979f53-d4da-45fc-a301-48bfecb4f0f4', 'es-BO', null, '西班牙语(玻利维亚)', null, '西班牙语(玻利维亚)', true, true, null, null, null, null);
INSERT INTO "sys_dict_item" ("id", "dict_id", "item_code", "parent_code", "item_name", "seq_no", "remark", "active", "built_in", "create_user", "create_time", "update_user", "update_time") VALUES ('cca96a94-0bfd-46ba-93ad-75713f842ba3', '13979f53-d4da-45fc-a301-48bfecb4f0f4', 'es-CL', null, '西班牙语(智利)', null, '西班牙语(智利)', true, true, null, null, null, null);
INSERT INTO "sys_dict_item" ("id", "dict_id", "item_code", "parent_code", "item_name", "seq_no", "remark", "active", "built_in", "create_user", "create_time", "update_user", "update_time") VALUES ('38fb4fbf-e278-416e-92a0-953d74acf1dd', '13979f53-d4da-45fc-a301-48bfecb4f0f4', 'es-CO', null, '西班牙语(哥伦比亚)', null, '西班牙语(哥伦比亚)', true, true, null, null, null, null);
INSERT INTO "sys_dict_item" ("id", "dict_id", "item_code", "parent_code", "item_name", "seq_no", "remark", "active", "built_in", "create_user", "create_time", "update_user", "update_time") VALUES ('1f43ef1d-53b7-484c-baf4-4c5e2ad549ad', '13979f53-d4da-45fc-a301-48bfecb4f0f4', 'es-CR', null, '西班牙语(哥斯达黎加)', null, '西班牙语(哥斯达黎加)', true, true, null, null, null, null);
INSERT INTO "sys_dict_item" ("id", "dict_id", "item_code", "parent_code", "item_name", "seq_no", "remark", "active", "built_in", "create_user", "create_time", "update_user", "update_time") VALUES ('3c9ec2f1-bea6-45df-b7f2-021ded22cfae', '13979f53-d4da-45fc-a301-48bfecb4f0f4', 'es-DO', null, '西班牙语(多米尼加共和国)', null, '西班牙语(多米尼加共和国)', true, true, null, null, null, null);
INSERT INTO "sys_dict_item" ("id", "dict_id", "item_code", "parent_code", "item_name", "seq_no", "remark", "active", "built_in", "create_user", "create_time", "update_user", "update_time") VALUES ('8720d4ee-4a2a-47f8-a66e-05480e6faf27', '13979f53-d4da-45fc-a301-48bfecb4f0f4', 'es-EC', null, '西班牙语(厄瓜多尔)', null, '西班牙语(厄瓜多尔)', true, true, null, null, null, null);
INSERT INTO "sys_dict_item" ("id", "dict_id", "item_code", "parent_code", "item_name", "seq_no", "remark", "active", "built_in", "create_user", "create_time", "update_user", "update_time") VALUES ('8fc15381-ed68-4347-a319-fe5517df76d8', '13979f53-d4da-45fc-a301-48bfecb4f0f4', 'es-GT', null, '西班牙语(危地马拉)', null, '西班牙语(危地马拉)', true, true, null, null, null, null);
INSERT INTO "sys_dict_item" ("id", "dict_id", "item_code", "parent_code", "item_name", "seq_no", "remark", "active", "built_in", "create_user", "create_time", "update_user", "update_time") VALUES ('586b5221-826c-4f0f-8136-8468a1283f63', '13979f53-d4da-45fc-a301-48bfecb4f0f4', 'es-HN', null, '西班牙语(洪都拉斯)', null, '西班牙语(洪都拉斯)', true, true, null, null, null, null);
INSERT INTO "sys_dict_item" ("id", "dict_id", "item_code", "parent_code", "item_name", "seq_no", "remark", "active", "built_in", "create_user", "create_time", "update_user", "update_time") VALUES ('1fbb1ac0-d07c-4d17-835e-bee48c9a2849', '13979f53-d4da-45fc-a301-48bfecb4f0f4', 'es-MX', null, '西班牙语(墨西哥)', null, '西班牙语(墨西哥)', true, true, null, null, null, null);
INSERT INTO "sys_dict_item" ("id", "dict_id", "item_code", "parent_code", "item_name", "seq_no", "remark", "active", "built_in", "create_user", "create_time", "update_user", "update_time") VALUES ('567b6f15-f773-4074-a6b0-e0dc104ad3f7', '13979f53-d4da-45fc-a301-48bfecb4f0f4', 'es-NI', null, '西班牙语(尼加拉瓜)', null, '西班牙语(尼加拉瓜)', true, true, null, null, null, null);
INSERT INTO "sys_dict_item" ("id", "dict_id", "item_code", "parent_code", "item_name", "seq_no", "remark", "active", "built_in", "create_user", "create_time", "update_user", "update_time") VALUES ('0dcd55f1-07ea-47cf-99a5-c4861facf4f9', '13979f53-d4da-45fc-a301-48bfecb4f0f4', 'es-PA', null, '西班牙语(巴拿马)', null, '西班牙语(巴拿马)', true, true, null, null, null, null);
INSERT INTO "sys_dict_item" ("id", "dict_id", "item_code", "parent_code", "item_name", "seq_no", "remark", "active", "built_in", "create_user", "create_time", "update_user", "update_time") VALUES ('9a218c6e-4033-48ad-99c2-8ea4270a9437', '13979f53-d4da-45fc-a301-48bfecb4f0f4', 'es-PE', null, '西班牙语(秘鲁)', null, '西班牙语(秘鲁)', true, true, null, null, null, null);
INSERT INTO "sys_dict_item" ("id", "dict_id", "item_code", "parent_code", "item_name", "seq_no", "remark", "active", "built_in", "create_user", "create_time", "update_user", "update_time") VALUES ('a5c2db64-95c1-4615-99a9-0c28fe0c266e', '13979f53-d4da-45fc-a301-48bfecb4f0f4', 'es-PR', null, '西班牙语(波多黎各)', null, '西班牙语(波多黎各)', true, true, null, null, null, null);
INSERT INTO "sys_dict_item" ("id", "dict_id", "item_code", "parent_code", "item_name", "seq_no", "remark", "active", "built_in", "create_user", "create_time", "update_user", "update_time") VALUES ('a7ba01e1-d50e-48bc-a6ee-d0a11a6dae60', '13979f53-d4da-45fc-a301-48bfecb4f0f4', 'es-PY', null, '西班牙语(巴拉圭)', null, '西班牙语(巴拉圭)', true, true, null, null, null, null);
INSERT INTO "sys_dict_item" ("id", "dict_id", "item_code", "parent_code", "item_name", "seq_no", "remark", "active", "built_in", "create_user", "create_time", "update_user", "update_time") VALUES ('51f0c241-3102-43db-92c7-2db430466267', '13979f53-d4da-45fc-a301-48bfecb4f0f4', 'es-SV', null, '西班牙语(萨尔瓦多)', null, '西班牙语(萨尔瓦多)', true, true, null, null, null, null);
INSERT INTO "sys_dict_item" ("id", "dict_id", "item_code", "parent_code", "item_name", "seq_no", "remark", "active", "built_in", "create_user", "create_time", "update_user", "update_time") VALUES ('2c1e5922-b42c-482e-be85-f401665faf84', '13979f53-d4da-45fc-a301-48bfecb4f0f4', 'es-UY', null, '西班牙语(乌拉圭)', null, '西班牙语(乌拉圭)', true, true, null, null, null, null);
INSERT INTO "sys_dict_item" ("id", "dict_id", "item_code", "parent_code", "item_name", "seq_no", "remark", "active", "built_in", "create_user", "create_time", "update_user", "update_time") VALUES ('b7a6109f-3314-4871-80f3-c9af90f619ea', '13979f53-d4da-45fc-a301-48bfecb4f0f4', 'es-VE', null, '西班牙语(委内瑞拉)', null, '西班牙语(委内瑞拉)', true, true, null, null, null, null);
INSERT INTO "sys_dict_item" ("id", "dict_id", "item_code", "parent_code", "item_name", "seq_no", "remark", "active", "built_in", "create_user", "create_time", "update_user", "update_time") VALUES ('ccc34478-20f7-4392-9686-09e6057f1673', '13979f53-d4da-45fc-a301-48bfecb4f0f4', 'et', null, '爱沙尼亚语', null, '爱沙尼亚语', true, true, null, null, null, null);
INSERT INTO "sys_dict_item" ("id", "dict_id", "item_code", "parent_code", "item_name", "seq_no", "remark", "active", "built_in", "create_user", "create_time", "update_user", "update_time") VALUES ('55d011a4-b84f-4f87-bcb0-3b2597807f81', '13979f53-d4da-45fc-a301-48bfecb4f0f4', 'eu', null, '巴斯克语', null, '巴斯克语', true, true, null, null, null, null);
INSERT INTO "sys_dict_item" ("id", "dict_id", "item_code", "parent_code", "item_name", "seq_no", "remark", "active", "built_in", "create_user", "create_time", "update_user", "update_time") VALUES ('320fb67d-8b15-4bbe-a63c-3d781d4be7a5', '13979f53-d4da-45fc-a301-48bfecb4f0f4', 'fa', null, '波斯语', null, '波斯语', true, true, null, null, null, null);
INSERT INTO "sys_dict_item" ("id", "dict_id", "item_code", "parent_code", "item_name", "seq_no", "remark", "active", "built_in", "create_user", "create_time", "update_user", "update_time") VALUES ('886c213e-4967-4827-a0b2-436f02dde015', '13979f53-d4da-45fc-a301-48bfecb4f0f4', 'fi', null, '芬兰语', null, '芬兰语', true, true, null, null, null, null);
INSERT INTO "sys_dict_item" ("id", "dict_id", "item_code", "parent_code", "item_name", "seq_no", "remark", "active", "built_in", "create_user", "create_time", "update_user", "update_time") VALUES ('0fddc2e8-790d-4afb-a822-6ca9c68f4780', '13979f53-d4da-45fc-a301-48bfecb4f0f4', 'fo', null, '法罗语', null, '法罗语', true, true, null, null, null, null);
INSERT INTO "sys_dict_item" ("id", "dict_id", "item_code", "parent_code", "item_name", "seq_no", "remark", "active", "built_in", "create_user", "create_time", "update_user", "update_time") VALUES ('491e3b08-a070-4e68-bdf5-e6c0b10b087f', '13979f53-d4da-45fc-a301-48bfecb4f0f4', 'fr', null, '法语(标准)', null, '法语(标准)', true, true, null, null, null, null);
INSERT INTO "sys_dict_item" ("id", "dict_id", "item_code", "parent_code", "item_name", "seq_no", "remark", "active", "built_in", "create_user", "create_time", "update_user", "update_time") VALUES ('586f2e7e-068b-497e-a61c-680a1ad64c12', '13979f53-d4da-45fc-a301-48bfecb4f0f4', 'fr-BE', null, '法语(比利时)', null, '法语(比利时)', true, true, null, null, null, null);
INSERT INTO "sys_dict_item" ("id", "dict_id", "item_code", "parent_code", "item_name", "seq_no", "remark", "active", "built_in", "create_user", "create_time", "update_user", "update_time") VALUES ('154928ad-5d18-4a66-9cbe-4aa2daa09594', '13979f53-d4da-45fc-a301-48bfecb4f0f4', 'fr-CA', null, '法语(加拿大)', null, '法语(加拿大)', true, true, null, null, null, null);
INSERT INTO "sys_dict_item" ("id", "dict_id", "item_code", "parent_code", "item_name", "seq_no", "remark", "active", "built_in", "create_user", "create_time", "update_user", "update_time") VALUES ('602cd575-0173-4453-9aaf-ed9fcfed3cda', '13979f53-d4da-45fc-a301-48bfecb4f0f4', 'fr-CH', null, '法语(瑞士)', null, '法语(瑞士)', true, true, null, null, null, null);
INSERT INTO "sys_dict_item" ("id", "dict_id", "item_code", "parent_code", "item_name", "seq_no", "remark", "active", "built_in", "create_user", "create_time", "update_user", "update_time") VALUES ('59112e1d-d4a9-480d-950d-a951364271db', '13979f53-d4da-45fc-a301-48bfecb4f0f4', 'fr-LU', null, '法语(卢森堡)', null, '法语(卢森堡)', true, true, null, null, null, null);
INSERT INTO "sys_dict_item" ("id", "dict_id", "item_code", "parent_code", "item_name", "seq_no", "remark", "active", "built_in", "create_user", "create_time", "update_user", "update_time") VALUES ('f07a85bb-ddcc-4853-b663-ef19c9abd945', '13979f53-d4da-45fc-a301-48bfecb4f0f4', 'gd', null, '盖尔语(苏格兰)', null, '盖尔语(苏格兰)', true, true, null, null, null, null);
INSERT INTO "sys_dict_item" ("id", "dict_id", "item_code", "parent_code", "item_name", "seq_no", "remark", "active", "built_in", "create_user", "create_time", "update_user", "update_time") VALUES ('d77f8b14-1062-4be5-8abb-bfba7fe56d15', '13979f53-d4da-45fc-a301-48bfecb4f0f4', 'gd-IE', null, '盖尔语(爱尔兰)', null, '盖尔语(爱尔兰)', true, true, null, null, null, null);
INSERT INTO "sys_dict_item" ("id", "dict_id", "item_code", "parent_code", "item_name", "seq_no", "remark", "active", "built_in", "create_user", "create_time", "update_user", "update_time") VALUES ('aedba668-4180-4df8-b605-60b5fe3184bd', '13979f53-d4da-45fc-a301-48bfecb4f0f4', 'he', null, '希伯来语', null, '希伯来语', true, true, null, null, null, null);
INSERT INTO "sys_dict_item" ("id", "dict_id", "item_code", "parent_code", "item_name", "seq_no", "remark", "active", "built_in", "create_user", "create_time", "update_user", "update_time") VALUES ('74543f5d-c04e-4718-97cd-6b458801fa70', '13979f53-d4da-45fc-a301-48bfecb4f0f4', 'hi', null, '北印度语', null, '北印度语', true, true, null, null, null, null);
INSERT INTO "sys_dict_item" ("id", "dict_id", "item_code", "parent_code", "item_name", "seq_no", "remark", "active", "built_in", "create_user", "create_time", "update_user", "update_time") VALUES ('fdd52a2d-2263-4f74-838f-8e87dfc99137', '13979f53-d4da-45fc-a301-48bfecb4f0f4', 'hr', null, '克罗地亚语', null, '克罗地亚语', true, true, null, null, null, null);
INSERT INTO "sys_dict_item" ("id", "dict_id", "item_code", "parent_code", "item_name", "seq_no", "remark", "active", "built_in", "create_user", "create_time", "update_user", "update_time") VALUES ('517d81e4-96b8-4a9e-b311-06b46467548d', '13979f53-d4da-45fc-a301-48bfecb4f0f4', 'hu', null, '匈牙利语', null, '匈牙利语', true, true, null, null, null, null);
INSERT INTO "sys_dict_item" ("id", "dict_id", "item_code", "parent_code", "item_name", "seq_no", "remark", "active", "built_in", "create_user", "create_time", "update_user", "update_time") VALUES ('2f4a3e99-f84d-43f6-a0b8-3e9dad614cdb', '13979f53-d4da-45fc-a301-48bfecb4f0f4', 'in', null, '印度尼西亚语', null, '印度尼西亚语', true, true, null, null, null, null);
INSERT INTO "sys_dict_item" ("id", "dict_id", "item_code", "parent_code", "item_name", "seq_no", "remark", "active", "built_in", "create_user", "create_time", "update_user", "update_time") VALUES ('96211f92-72fc-46c5-a330-1a3e7351b7f9', '13979f53-d4da-45fc-a301-48bfecb4f0f4', 'is', null, '冰岛语', null, '冰岛语', true, true, null, null, null, null);
INSERT INTO "sys_dict_item" ("id", "dict_id", "item_code", "parent_code", "item_name", "seq_no", "remark", "active", "built_in", "create_user", "create_time", "update_user", "update_time") VALUES ('871e291c-1907-47ba-bd09-0aecb221a8d2', '13979f53-d4da-45fc-a301-48bfecb4f0f4', 'it', null, '意大利语(标准)', null, '意大利语(标准)', true, true, null, null, null, null);
INSERT INTO "sys_dict_item" ("id", "dict_id", "item_code", "parent_code", "item_name", "seq_no", "remark", "active", "built_in", "create_user", "create_time", "update_user", "update_time") VALUES ('f18c3279-c09d-44e7-9709-1612b2590920', '13979f53-d4da-45fc-a301-48bfecb4f0f4', 'it-CH', null, '意大利语(瑞士)', null, '意大利语(瑞士)', true, true, null, null, null, null);
INSERT INTO "sys_dict_item" ("id", "dict_id", "item_code", "parent_code", "item_name", "seq_no", "remark", "active", "built_in", "create_user", "create_time", "update_user", "update_time") VALUES ('9fa6c6c5-7d8f-4198-aa14-bbacea829bc1', '13979f53-d4da-45fc-a301-48bfecb4f0f4', 'ja', null, '日语', null, '日语', true, true, null, null, null, null);
INSERT INTO "sys_dict_item" ("id", "dict_id", "item_code", "parent_code", "item_name", "seq_no", "remark", "active", "built_in", "create_user", "create_time", "update_user", "update_time") VALUES ('47127790-3edd-4cee-9bc0-4db1186c316b', '13979f53-d4da-45fc-a301-48bfecb4f0f4', 'ji', null, '依地语', null, '依地语', true, true, null, null, null, null);
INSERT INTO "sys_dict_item" ("id", "dict_id", "item_code", "parent_code", "item_name", "seq_no", "remark", "active", "built_in", "create_user", "create_time", "update_user", "update_time") VALUES ('19af5e88-c476-418a-bfbe-cf407a17d0e7', '13979f53-d4da-45fc-a301-48bfecb4f0f4', 'ko', null, '朝鲜语', null, '朝鲜语', true, true, null, null, null, null);
INSERT INTO "sys_dict_item" ("id", "dict_id", "item_code", "parent_code", "item_name", "seq_no", "remark", "active", "built_in", "create_user", "create_time", "update_user", "update_time") VALUES ('88f7d254-5744-441c-ad05-9f71d81828ef', '13979f53-d4da-45fc-a301-48bfecb4f0f4', 'lt', null, '立陶宛语', null, '立陶宛语', true, true, null, null, null, null);
INSERT INTO "sys_dict_item" ("id", "dict_id", "item_code", "parent_code", "item_name", "seq_no", "remark", "active", "built_in", "create_user", "create_time", "update_user", "update_time") VALUES ('ea771857-ffc1-4430-92db-c4c46fd8b42e', '13979f53-d4da-45fc-a301-48bfecb4f0f4', 'lv', null, '拉脱维亚语', null, '拉脱维亚语', true, true, null, null, null, null);
INSERT INTO "sys_dict_item" ("id", "dict_id", "item_code", "parent_code", "item_name", "seq_no", "remark", "active", "built_in", "create_user", "create_time", "update_user", "update_time") VALUES ('2b280797-a4bb-4084-b295-e469471fffd3', '13979f53-d4da-45fc-a301-48bfecb4f0f4', 'mk', null, 'FYRO', null, 'FYRO', true, true, null, null, null, null);
INSERT INTO "sys_dict_item" ("id", "dict_id", "item_code", "parent_code", "item_name", "seq_no", "remark", "active", "built_in", "create_user", "create_time", "update_user", "update_time") VALUES ('38b91d34-b942-4896-83aa-031f91ea809e', '13979f53-d4da-45fc-a301-48bfecb4f0f4', 'ms', null, '马来西亚语', null, '马来西亚语', true, true, null, null, null, null);
INSERT INTO "sys_dict_item" ("id", "dict_id", "item_code", "parent_code", "item_name", "seq_no", "remark", "active", "built_in", "create_user", "create_time", "update_user", "update_time") VALUES ('f5e9bab1-3def-4673-9f31-bffda57bba47', '13979f53-d4da-45fc-a301-48bfecb4f0f4', 'mt', null, '马耳他语', null, '马耳他语', true, true, null, null, null, null);
INSERT INTO "sys_dict_item" ("id", "dict_id", "item_code", "parent_code", "item_name", "seq_no", "remark", "active", "built_in", "create_user", "create_time", "update_user", "update_time") VALUES ('58cb2531-6d07-4c28-863b-691545932427', '13979f53-d4da-45fc-a301-48bfecb4f0f4', 'nl', null, '荷兰语(标准)', null, '荷兰语(标准)', true, true, null, null, null, null);
INSERT INTO "sys_dict_item" ("id", "dict_id", "item_code", "parent_code", "item_name", "seq_no", "remark", "active", "built_in", "create_user", "create_time", "update_user", "update_time") VALUES ('385c81a6-cc7f-411e-8640-5a5a490e5e90', '13979f53-d4da-45fc-a301-48bfecb4f0f4', 'nl-BE', null, '荷兰语(比利时)', null, '荷兰语(比利时)', true, true, null, null, null, null);
INSERT INTO "sys_dict_item" ("id", "dict_id", "item_code", "parent_code", "item_name", "seq_no", "remark", "active", "built_in", "create_user", "create_time", "update_user", "update_time") VALUES ('ca088c5d-b809-4d36-a51e-469c3ac680dd', '13979f53-d4da-45fc-a301-48bfecb4f0f4', 'no', null, '挪威语', null, '挪威语', true, true, null, null, null, null);
INSERT INTO "sys_dict_item" ("id", "dict_id", "item_code", "parent_code", "item_name", "seq_no", "remark", "active", "built_in", "create_user", "create_time", "update_user", "update_time") VALUES ('70090223-91d4-4b85-87cb-9bc5bba48538', '13979f53-d4da-45fc-a301-48bfecb4f0f4', 'pl', null, '波兰语', null, '波兰语', true, true, null, null, null, null);
INSERT INTO "sys_dict_item" ("id", "dict_id", "item_code", "parent_code", "item_name", "seq_no", "remark", "active", "built_in", "create_user", "create_time", "update_user", "update_time") VALUES ('65324d61-692d-40c2-a64c-0b4ec535d20f', '13979f53-d4da-45fc-a301-48bfecb4f0f4', 'pt', null, '葡萄牙语(葡萄牙)', null, '葡萄牙语(葡萄牙)', true, true, null, null, null, null);
INSERT INTO "sys_dict_item" ("id", "dict_id", "item_code", "parent_code", "item_name", "seq_no", "remark", "active", "built_in", "create_user", "create_time", "update_user", "update_time") VALUES ('9dba2fcb-4f03-4876-a053-5ee021784ca4', '13979f53-d4da-45fc-a301-48bfecb4f0f4', 'pt-br', null, '葡萄牙语(巴西)', null, '葡萄牙语(巴西)', true, true, null, null, null, null);
INSERT INTO "sys_dict_item" ("id", "dict_id", "item_code", "parent_code", "item_name", "seq_no", "remark", "active", "built_in", "create_user", "create_time", "update_user", "update_time") VALUES ('9997643b-7127-4624-a077-54bef55a6ad7', '13979f53-d4da-45fc-a301-48bfecb4f0f4', 'rm', null, '拉丁语系', null, '拉丁语系', true, true, null, null, null, null);
INSERT INTO "sys_dict_item" ("id", "dict_id", "item_code", "parent_code", "item_name", "seq_no", "remark", "active", "built_in", "create_user", "create_time", "update_user", "update_time") VALUES ('39f2e83b-4ded-4847-bab0-a914bf26a858', '13979f53-d4da-45fc-a301-48bfecb4f0f4', 'ro', null, '罗马尼亚语', null, '罗马尼亚语', true, true, null, null, null, null);
INSERT INTO "sys_dict_item" ("id", "dict_id", "item_code", "parent_code", "item_name", "seq_no", "remark", "active", "built_in", "create_user", "create_time", "update_user", "update_time") VALUES ('986f75eb-a9fd-4ff3-880a-d75270fb5bea', '13979f53-d4da-45fc-a301-48bfecb4f0f4', 'ro-mo', null, '罗马尼亚语(摩尔达维亚)', null, '罗马尼亚语(摩尔达维亚)', true, true, null, null, null, null);
INSERT INTO "sys_dict_item" ("id", "dict_id", "item_code", "parent_code", "item_name", "seq_no", "remark", "active", "built_in", "create_user", "create_time", "update_user", "update_time") VALUES ('3396dec5-b0c0-40e6-9b06-c2231c6b522e', '13979f53-d4da-45fc-a301-48bfecb4f0f4', 'ru', null, '俄语', null, '俄语', true, true, null, null, null, null);
INSERT INTO "sys_dict_item" ("id", "dict_id", "item_code", "parent_code", "item_name", "seq_no", "remark", "active", "built_in", "create_user", "create_time", "update_user", "update_time") VALUES ('1c786bf5-48ae-4ea4-bd33-f0d56c8ce918', '13979f53-d4da-45fc-a301-48bfecb4f0f4', 'ru-mo', null, '俄语(摩尔达维亚)', null, '俄语(摩尔达维亚)', true, true, null, null, null, null);
INSERT INTO "sys_dict_item" ("id", "dict_id", "item_code", "parent_code", "item_name", "seq_no", "remark", "active", "built_in", "create_user", "create_time", "update_user", "update_time") VALUES ('70fd13b6-7c4d-4612-9aa8-05a283ce11a2', '13979f53-d4da-45fc-a301-48bfecb4f0f4', 'sb', null, '索布语', null, '索布语', true, true, null, null, null, null);
INSERT INTO "sys_dict_item" ("id", "dict_id", "item_code", "parent_code", "item_name", "seq_no", "remark", "active", "built_in", "create_user", "create_time", "update_user", "update_time") VALUES ('69d0ac74-8f8e-4700-bded-bd87248523cc', '13979f53-d4da-45fc-a301-48bfecb4f0f4', 'sk', null, '斯洛伐克语', null, '斯洛伐克语', true, true, null, null, null, null);
INSERT INTO "sys_dict_item" ("id", "dict_id", "item_code", "parent_code", "item_name", "seq_no", "remark", "active", "built_in", "create_user", "create_time", "update_user", "update_time") VALUES ('50d2e397-4614-42bf-9a02-3ea349924e29', '13979f53-d4da-45fc-a301-48bfecb4f0f4', 'sl', null, '斯洛文尼亚语', null, '斯洛文尼亚语', true, true, null, null, null, null);
INSERT INTO "sys_dict_item" ("id", "dict_id", "item_code", "parent_code", "item_name", "seq_no", "remark", "active", "built_in", "create_user", "create_time", "update_user", "update_time") VALUES ('4a86b6ad-6002-431d-b39f-00f7dde0b56c', '13979f53-d4da-45fc-a301-48bfecb4f0f4', 'sq', null, '阿尔巴尼亚语', null, '阿尔巴尼亚语', true, true, null, null, null, null);
INSERT INTO "sys_dict_item" ("id", "dict_id", "item_code", "parent_code", "item_name", "seq_no", "remark", "active", "built_in", "create_user", "create_time", "update_user", "update_time") VALUES ('1887a86a-7b03-4fcf-873c-3ff2803b1969', '13979f53-d4da-45fc-a301-48bfecb4f0f4', 'sr', null, '塞尔维亚语', null, '塞尔维亚语', true, true, null, null, null, null);
INSERT INTO "sys_dict_item" ("id", "dict_id", "item_code", "parent_code", "item_name", "seq_no", "remark", "active", "built_in", "create_user", "create_time", "update_user", "update_time") VALUES ('f9fa6960-7555-4983-80dc-513611b38d9e', '13979f53-d4da-45fc-a301-48bfecb4f0f4', 'sv', null, '瑞典语', null, '瑞典语', true, true, null, null, null, null);
INSERT INTO "sys_dict_item" ("id", "dict_id", "item_code", "parent_code", "item_name", "seq_no", "remark", "active", "built_in", "create_user", "create_time", "update_user", "update_time") VALUES ('c83ca8a6-993c-404c-95ca-0e753486c51a', '13979f53-d4da-45fc-a301-48bfecb4f0f4', 'sv-FI', null, '瑞典语(芬兰)', null, '瑞典语(芬兰)', true, true, null, null, null, null);
INSERT INTO "sys_dict_item" ("id", "dict_id", "item_code", "parent_code", "item_name", "seq_no", "remark", "active", "built_in", "create_user", "create_time", "update_user", "update_time") VALUES ('eb9bb10d-9da3-4204-a826-ce636e9b74a1', '13979f53-d4da-45fc-a301-48bfecb4f0f4', 'sx', null, '苏图语', null, '苏图语', true, true, null, null, null, null);
INSERT INTO "sys_dict_item" ("id", "dict_id", "item_code", "parent_code", "item_name", "seq_no", "remark", "active", "built_in", "create_user", "create_time", "update_user", "update_time") VALUES ('0a56ce13-b60f-47ec-9dce-f1159653faac', '13979f53-d4da-45fc-a301-48bfecb4f0f4', 'sz', null, '萨摩斯语(拉普兰)', null, '萨摩斯语(拉普兰)', true, true, null, null, null, null);
INSERT INTO "sys_dict_item" ("id", "dict_id", "item_code", "parent_code", "item_name", "seq_no", "remark", "active", "built_in", "create_user", "create_time", "update_user", "update_time") VALUES ('e056e7b0-eca8-484e-bb3f-6d6639bbf2ad', '13979f53-d4da-45fc-a301-48bfecb4f0f4', 'th', null, '泰语', null, '泰语', true, true, null, null, null, null);
INSERT INTO "sys_dict_item" ("id", "dict_id", "item_code", "parent_code", "item_name", "seq_no", "remark", "active", "built_in", "create_user", "create_time", "update_user", "update_time") VALUES ('6013d1a9-2234-4d43-9695-966abb03967c', '13979f53-d4da-45fc-a301-48bfecb4f0f4', 'tn', null, '瓦纳语', null, '瓦纳语', true, true, null, null, null, null);
INSERT INTO "sys_dict_item" ("id", "dict_id", "item_code", "parent_code", "item_name", "seq_no", "remark", "active", "built_in", "create_user", "create_time", "update_user", "update_time") VALUES ('d9e476c5-a336-4d0a-9b45-7ade05af70ff', '13979f53-d4da-45fc-a301-48bfecb4f0f4', 'tr', null, '土耳其语', null, '土耳其语', true, true, null, null, null, null);
INSERT INTO "sys_dict_item" ("id", "dict_id", "item_code", "parent_code", "item_name", "seq_no", "remark", "active", "built_in", "create_user", "create_time", "update_user", "update_time") VALUES ('375a677a-5e36-4fa4-8908-46b529275c27', '13979f53-d4da-45fc-a301-48bfecb4f0f4', 'ts', null, '汤加语', null, '汤加语', true, true, null, null, null, null);
INSERT INTO "sys_dict_item" ("id", "dict_id", "item_code", "parent_code", "item_name", "seq_no", "remark", "active", "built_in", "create_user", "create_time", "update_user", "update_time") VALUES ('a7c6c22c-f345-4cdf-a315-495c3ae2bbd2', '13979f53-d4da-45fc-a301-48bfecb4f0f4', 'uk', null, '乌克兰语', null, '乌克兰语', true, true, null, null, null, null);
INSERT INTO "sys_dict_item" ("id", "dict_id", "item_code", "parent_code", "item_name", "seq_no", "remark", "active", "built_in", "create_user", "create_time", "update_user", "update_time") VALUES ('3c7479a0-a406-409e-97bc-434d972f7302', '13979f53-d4da-45fc-a301-48bfecb4f0f4', 'ur', null, '乌尔都语', null, '乌尔都语', true, true, null, null, null, null);
INSERT INTO "sys_dict_item" ("id", "dict_id", "item_code", "parent_code", "item_name", "seq_no", "remark", "active", "built_in", "create_user", "create_time", "update_user", "update_time") VALUES ('080d429c-0f01-4593-b9d6-1e0fb9a46392', '13979f53-d4da-45fc-a301-48bfecb4f0f4', 've', null, '文达语', null, '文达语', true, true, null, null, null, null);
INSERT INTO "sys_dict_item" ("id", "dict_id", "item_code", "parent_code", "item_name", "seq_no", "remark", "active", "built_in", "create_user", "create_time", "update_user", "update_time") VALUES ('fface2d5-3a00-4cf8-9f29-79f3f776e8c8', '13979f53-d4da-45fc-a301-48bfecb4f0f4', 'vi', null, '越南语', null, '越南语', true, true, null, null, null, null);
INSERT INTO "sys_dict_item" ("id", "dict_id", "item_code", "parent_code", "item_name", "seq_no", "remark", "active", "built_in", "create_user", "create_time", "update_user", "update_time") VALUES ('6c74267c-b766-4d50-b6ec-3d7167f174b1', '13979f53-d4da-45fc-a301-48bfecb4f0f4', 'xh', null, '科萨语', null, '科萨语', true, true, null, null, null, null);
INSERT INTO "sys_dict_item" ("id", "dict_id", "item_code", "parent_code", "item_name", "seq_no", "remark", "active", "built_in", "create_user", "create_time", "update_user", "update_time") VALUES ('4fa72596-2d3b-4b04-a021-4af051abcbaa', '13979f53-d4da-45fc-a301-48bfecb4f0f4', 'zh-CN', null, '简体中文(中国大陆)', 1, '简体中文(中国大陆)', true, true, null, null, null, null);
INSERT INTO "sys_dict_item" ("id", "dict_id", "item_code", "parent_code", "item_name", "seq_no", "remark", "active", "built_in", "create_user", "create_time", "update_user", "update_time") VALUES ('530b1749-0069-4e4d-af95-07c49e34b7b6', '13979f53-d4da-45fc-a301-48bfecb4f0f4', 'zh-HK', null, '繁体中文(中国香港)', null, '繁体中文(中国香港)', true, true, null, null, null, null);
INSERT INTO "sys_dict_item" ("id", "dict_id", "item_code", "parent_code", "item_name", "seq_no", "remark", "active", "built_in", "create_user", "create_time", "update_user", "update_time") VALUES ('b3a9ddb3-3a6f-4cc0-8c08-b3562fd2f931', '13979f53-d4da-45fc-a301-48bfecb4f0f4', 'zh-SG', null, '简体中文(新加坡)', null, '简体中文(新加坡)', true, true, null, null, null, null);
INSERT INTO "sys_dict_item" ("id", "dict_id", "item_code", "parent_code", "item_name", "seq_no", "remark", "active", "built_in", "create_user", "create_time", "update_user", "update_time") VALUES ('c5031613-86ce-4bd2-8cd4-70cd5629081c', '13979f53-d4da-45fc-a301-48bfecb4f0f4', 'zh-TW', null, '繁体中文(中国台湾)', 2, '繁体中文(中国台湾)', true, true, null, null, null, null);
INSERT INTO "sys_dict_item" ("id", "dict_id", "item_code", "parent_code", "item_name", "seq_no", "remark", "active", "built_in", "create_user", "create_time", "update_user", "update_time") VALUES ('e1c3d579-56eb-402a-9e91-2fdec6cd6cdc', '13979f53-d4da-45fc-a301-48bfecb4f0f4', 'zu', null, '祖鲁语', null, '祖鲁语', true, true, null, null, null, null);


INSERT INTO "sys_dict" ("id", "module", "dict_type", "dict_name", "remark", "active", "built_in", "create_user", "create_time", "update_user", "update_time") VALUES ('358d66c0-caaf-4361-9633-5ddf227890de', 'kuark:geo', 'currency', '币种', '币种', true, true, null, null, null, null);
INSERT INTO "sys_dict_item" ("id", "dict_id", "item_code", "parent_code", "item_name", "seq_no", "remark", "active", "built_in", "create_user", "create_time", "update_user", "update_time") VALUES ('7874f745-8347-4aca-b717-86993250ff4a', '358d66c0-caaf-4361-9633-5ddf227890de', 'AED', null, '阿联酋迪拉姆(United Arab Emirates Dirham)', null, '阿联酋迪拉姆(United Arab Emirates Dirham)', true, false, null, null, null, null);
INSERT INTO "sys_dict_item" ("id", "dict_id", "item_code", "parent_code", "item_name", "seq_no", "remark", "active", "built_in", "create_user", "create_time", "update_user", "update_time") VALUES ('e449d111-9765-4586-b48e-b853d0d97544', '358d66c0-caaf-4361-9633-5ddf227890de', 'AFN', null, '阿富汗尼(Afghan Afghani)', null, '阿富汗尼(Afghan Afghani)', true, false, null, null, null, null);
INSERT INTO "sys_dict_item" ("id", "dict_id", "item_code", "parent_code", "item_name", "seq_no", "remark", "active", "built_in", "create_user", "create_time", "update_user", "update_time") VALUES ('38cb6430-e2b2-43d5-8e91-9ae6572b4c96', '358d66c0-caaf-4361-9633-5ddf227890de', 'ALL', null, '阿尔巴尼列克(Albania Lek)', null, '阿尔巴尼列克(Albania Lek)', true, false, null, null, null, null);
INSERT INTO "sys_dict_item" ("id", "dict_id", "item_code", "parent_code", "item_name", "seq_no", "remark", "active", "built_in", "create_user", "create_time", "update_user", "update_time") VALUES ('5fb617f9-b7dc-44cb-ad44-27364120032f', '358d66c0-caaf-4361-9633-5ddf227890de', 'AMD', null, '亚美尼亚德拉姆(Armenia Dram)', null, '亚美尼亚德拉姆(Armenia Dram)', true, false, null, null, null, null);
INSERT INTO "sys_dict_item" ("id", "dict_id", "item_code", "parent_code", "item_name", "seq_no", "remark", "active", "built_in", "create_user", "create_time", "update_user", "update_time") VALUES ('b487de57-bf4b-4be0-a245-046fd3ace4b4', '358d66c0-caaf-4361-9633-5ddf227890de', 'ANG', null, '荷兰盾(Antilles Guilder)', null, '荷兰盾(Antilles Guilder)', true, false, null, null, null, null);
INSERT INTO "sys_dict_item" ("id", "dict_id", "item_code", "parent_code", "item_name", "seq_no", "remark", "active", "built_in", "create_user", "create_time", "update_user", "update_time") VALUES ('52a795aa-a97f-400d-8ef1-1858feff9625', '358d66c0-caaf-4361-9633-5ddf227890de', 'AOA', null, '安哥拉宽扎(Angola Kwanza)', null, '安哥拉宽扎(Angola Kwanza)', true, false, null, null, null, null);
INSERT INTO "sys_dict_item" ("id", "dict_id", "item_code", "parent_code", "item_name", "seq_no", "remark", "active", "built_in", "create_user", "create_time", "update_user", "update_time") VALUES ('92b2018d-e09f-4738-8d6d-0a2bc17cfaef', '358d66c0-caaf-4361-9633-5ddf227890de', 'ARS', null, '阿根廷比索(Argentina Peso)', null, '阿根廷比索(Argentina Peso)', true, false, null, null, null, null);
INSERT INTO "sys_dict_item" ("id", "dict_id", "item_code", "parent_code", "item_name", "seq_no", "remark", "active", "built_in", "create_user", "create_time", "update_user", "update_time") VALUES ('dfa308b1-4ed1-4304-973f-d59118119dd7', '358d66c0-caaf-4361-9633-5ddf227890de', 'AUD', null, '澳元(Australia Dollar)', null, '澳元(Australia Dollar)', true, false, null, null, null, null);
INSERT INTO "sys_dict_item" ("id", "dict_id", "item_code", "parent_code", "item_name", "seq_no", "remark", "active", "built_in", "create_user", "create_time", "update_user", "update_time") VALUES ('b8f0683e-bf58-4ffe-95e6-204120eabf88', '358d66c0-caaf-4361-9633-5ddf227890de', 'AWG', null, '阿鲁巴弗罗林(Aruba Florin)', null, '阿鲁巴弗罗林(Aruba Florin)', true, false, null, null, null, null);
INSERT INTO "sys_dict_item" ("id", "dict_id", "item_code", "parent_code", "item_name", "seq_no", "remark", "active", "built_in", "create_user", "create_time", "update_user", "update_time") VALUES ('2eb11478-0cf6-4175-a969-033e6e8c2151', '358d66c0-caaf-4361-9633-5ddf227890de', 'AZN', null, '阿塞拜疆马纳特(Azerbaijan Manat)', null, '阿塞拜疆马纳特(Azerbaijan Manat)', true, false, null, null, null, null);
INSERT INTO "sys_dict_item" ("id", "dict_id", "item_code", "parent_code", "item_name", "seq_no", "remark", "active", "built_in", "create_user", "create_time", "update_user", "update_time") VALUES ('f6638402-aad2-4da2-9743-a0b15f2c76ae', '358d66c0-caaf-4361-9633-5ddf227890de', 'BAM', null, '波黑可兑换马克(Bosnia Convertible Mark)', null, '波黑可兑换马克(Bosnia Convertible Mark)', true, false, null, null, null, null);
INSERT INTO "sys_dict_item" ("id", "dict_id", "item_code", "parent_code", "item_name", "seq_no", "remark", "active", "built_in", "create_user", "create_time", "update_user", "update_time") VALUES ('deb5510e-036b-41e6-a74f-66413833a974', '358d66c0-caaf-4361-9633-5ddf227890de', 'BBD', null, '巴巴多斯元(Barbados Dollar)', null, '巴巴多斯元(Barbados Dollar)', true, false, null, null, null, null);
INSERT INTO "sys_dict_item" ("id", "dict_id", "item_code", "parent_code", "item_name", "seq_no", "remark", "active", "built_in", "create_user", "create_time", "update_user", "update_time") VALUES ('5be07763-2624-4b09-b715-d5f1e45eab23', '358d66c0-caaf-4361-9633-5ddf227890de', 'BDT', null, '孟加拉国塔卡(Bangladesh Taka)', null, '孟加拉国塔卡(Bangladesh Taka)', true, false, null, null, null, null);
INSERT INTO "sys_dict_item" ("id", "dict_id", "item_code", "parent_code", "item_name", "seq_no", "remark", "active", "built_in", "create_user", "create_time", "update_user", "update_time") VALUES ('e326d0e7-f158-4e09-b586-7a1ea1fad99b', '358d66c0-caaf-4361-9633-5ddf227890de', 'BGN', null, '保加利亚列弗(Bulgaria Lev)', null, '保加利亚列弗(Bulgaria Lev)', true, false, null, null, null, null);
INSERT INTO "sys_dict_item" ("id", "dict_id", "item_code", "parent_code", "item_name", "seq_no", "remark", "active", "built_in", "create_user", "create_time", "update_user", "update_time") VALUES ('857bdc96-0ec4-45bf-9784-88826b825dcb', '358d66c0-caaf-4361-9633-5ddf227890de', 'BHD', null, '巴林第纳尔(Bahrain Dinar)', null, '巴林第纳尔(Bahrain Dinar)', true, false, null, null, null, null);
INSERT INTO "sys_dict_item" ("id", "dict_id", "item_code", "parent_code", "item_name", "seq_no", "remark", "active", "built_in", "create_user", "create_time", "update_user", "update_time") VALUES ('64eb7391-6cdb-4585-9d95-349a88d6f928', '358d66c0-caaf-4361-9633-5ddf227890de', 'BIF', null, '布隆迪法郎(Burundi Franc)', null, '布隆迪法郎(Burundi Franc)', true, false, null, null, null, null);
INSERT INTO "sys_dict_item" ("id", "dict_id", "item_code", "parent_code", "item_name", "seq_no", "remark", "active", "built_in", "create_user", "create_time", "update_user", "update_time") VALUES ('9aa03d81-29f1-4792-9ff7-9fac47857c17', '358d66c0-caaf-4361-9633-5ddf227890de', 'BMD', null, '百慕大元(Bermudian Dollar)', null, '百慕大元(Bermudian Dollar)', true, false, null, null, null, null);
INSERT INTO "sys_dict_item" ("id", "dict_id", "item_code", "parent_code", "item_name", "seq_no", "remark", "active", "built_in", "create_user", "create_time", "update_user", "update_time") VALUES ('1d95debf-09eb-431f-9078-d36170a1625a', '358d66c0-caaf-4361-9633-5ddf227890de', 'BND', null, '文莱元(Brunei Dollar)', null, '文莱元(Brunei Dollar)', true, false, null, null, null, null);
INSERT INTO "sys_dict_item" ("id", "dict_id", "item_code", "parent_code", "item_name", "seq_no", "remark", "active", "built_in", "create_user", "create_time", "update_user", "update_time") VALUES ('f7ef6374-1a22-43b3-9e92-1cdf22147154', '358d66c0-caaf-4361-9633-5ddf227890de', 'BOB', null, '玻利维亚诺(Boliviano)', null, '玻利维亚诺(Boliviano)', true, false, null, null, null, null);
INSERT INTO "sys_dict_item" ("id", "dict_id", "item_code", "parent_code", "item_name", "seq_no", "remark", "active", "built_in", "create_user", "create_time", "update_user", "update_time") VALUES ('85a345a6-0e61-4a35-873d-eb793bf9822f', '358d66c0-caaf-4361-9633-5ddf227890de', 'BRL', null, '巴西雷亚尔(Brazilian Real)', null, '巴西雷亚尔(Brazilian Real)', true, false, null, null, null, null);
INSERT INTO "sys_dict_item" ("id", "dict_id", "item_code", "parent_code", "item_name", "seq_no", "remark", "active", "built_in", "create_user", "create_time", "update_user", "update_time") VALUES ('9e5f02b0-3a41-464c-a3a2-e7d91b6d4f20', '358d66c0-caaf-4361-9633-5ddf227890de', 'BSD', null, '巴哈马元(Bahamian Dollar)', null, '巴哈马元(Bahamian Dollar)', true, false, null, null, null, null);
INSERT INTO "sys_dict_item" ("id", "dict_id", "item_code", "parent_code", "item_name", "seq_no", "remark", "active", "built_in", "create_user", "create_time", "update_user", "update_time") VALUES ('aab06227-40e5-4cc9-8895-6da8dd14f862', '358d66c0-caaf-4361-9633-5ddf227890de', 'BTN', null, '不丹努扎姆(Bhutanese Ngultrum)', null, '不丹努扎姆(Bhutanese Ngultrum)', true, false, null, null, null, null);
INSERT INTO "sys_dict_item" ("id", "dict_id", "item_code", "parent_code", "item_name", "seq_no", "remark", "active", "built_in", "create_user", "create_time", "update_user", "update_time") VALUES ('0c156138-66a3-4d6e-a76f-1d912400dab9', '358d66c0-caaf-4361-9633-5ddf227890de', 'BWP', null, '博茨瓦纳普拉(Botswana Pula )', null, '博茨瓦纳普拉(Botswana Pula )', true, false, null, null, null, null);
INSERT INTO "sys_dict_item" ("id", "dict_id", "item_code", "parent_code", "item_name", "seq_no", "remark", "active", "built_in", "create_user", "create_time", "update_user", "update_time") VALUES ('94154fad-fd36-4a87-80c7-046d83acdd27', '358d66c0-caaf-4361-9633-5ddf227890de', 'BYR', null, '白俄罗斯卢布(Belarusian Ruble)', null, '白俄罗斯卢布(Belarusian Ruble)', true, false, null, null, null, null);
INSERT INTO "sys_dict_item" ("id", "dict_id", "item_code", "parent_code", "item_name", "seq_no", "remark", "active", "built_in", "create_user", "create_time", "update_user", "update_time") VALUES ('fcb0cee7-c9e9-43fa-a6fc-72936f67f187', '358d66c0-caaf-4361-9633-5ddf227890de', 'BZD', null, '伯利兹元(Belize Dollar)', null, '伯利兹元(Belize Dollar)', true, false, null, null, null, null);
INSERT INTO "sys_dict_item" ("id", "dict_id", "item_code", "parent_code", "item_name", "seq_no", "remark", "active", "built_in", "create_user", "create_time", "update_user", "update_time") VALUES ('d9e8f276-5c5e-408d-9999-dd0c780c3312', '358d66c0-caaf-4361-9633-5ddf227890de', 'CAD', null, '加元(Canadian Dollar)', null, '加元(Canadian Dollar)', true, false, null, null, null, null);
INSERT INTO "sys_dict_item" ("id", "dict_id", "item_code", "parent_code", "item_name", "seq_no", "remark", "active", "built_in", "create_user", "create_time", "update_user", "update_time") VALUES ('82918568-f1db-40f5-a0f5-280cfec6abf0', '358d66c0-caaf-4361-9633-5ddf227890de', 'CDF', null, '刚果法郎(Franc Congolais)', null, '刚果法郎(Franc Congolais)', true, false, null, null, null, null);
INSERT INTO "sys_dict_item" ("id", "dict_id", "item_code", "parent_code", "item_name", "seq_no", "remark", "active", "built_in", "create_user", "create_time", "update_user", "update_time") VALUES ('20ab80ed-9ca2-40d6-9cd5-b59bc6178b22', '358d66c0-caaf-4361-9633-5ddf227890de', 'CHF', null, '瑞士法郎(Swiss Franc)', null, '瑞士法郎(Swiss Franc)', true, false, null, null, null, null);
INSERT INTO "sys_dict_item" ("id", "dict_id", "item_code", "parent_code", "item_name", "seq_no", "remark", "active", "built_in", "create_user", "create_time", "update_user", "update_time") VALUES ('44196bab-a68c-4968-9699-6b868f3dd04c', '358d66c0-caaf-4361-9633-5ddf227890de', 'CLF', null, '智利比索(基金)(Chilean Unidad de Fomento)', null, '智利比索(基金)(Chilean Unidad de Fomento)', true, false, null, null, null, null);
INSERT INTO "sys_dict_item" ("id", "dict_id", "item_code", "parent_code", "item_name", "seq_no", "remark", "active", "built_in", "create_user", "create_time", "update_user", "update_time") VALUES ('9fd5b413-1e7d-40ef-ab9e-046ff14737b5', '358d66c0-caaf-4361-9633-5ddf227890de', 'CLP', null, '智利比索(Chilean Peso)', null, '智利比索(Chilean Peso)', true, false, null, null, null, null);
INSERT INTO "sys_dict_item" ("id", "dict_id", "item_code", "parent_code", "item_name", "seq_no", "remark", "active", "built_in", "create_user", "create_time", "update_user", "update_time") VALUES ('bd5e7b31-10ac-4c24-9aec-3a0873b4d307', '358d66c0-caaf-4361-9633-5ddf227890de', 'CNH', null, '中国离岸人民币(Chinese Offshore Renminbi)', null, '中国离岸人民币(Chinese Offshore Renminbi)', true, false, null, null, null, null);
INSERT INTO "sys_dict_item" ("id", "dict_id", "item_code", "parent_code", "item_name", "seq_no", "remark", "active", "built_in", "create_user", "create_time", "update_user", "update_time") VALUES ('87f3c78d-28f8-439a-9e0f-b76a597ccda9', '358d66c0-caaf-4361-9633-5ddf227890de', 'CNY', null, '人民币(Chinese Yuan)', null, '人民币(Chinese Yuan)', true, false, null, null, null, null);
INSERT INTO "sys_dict_item" ("id", "dict_id", "item_code", "parent_code", "item_name", "seq_no", "remark", "active", "built_in", "create_user", "create_time", "update_user", "update_time") VALUES ('04a3bf99-45fb-4f42-b04a-6c199554ad5a', '358d66c0-caaf-4361-9633-5ddf227890de', 'COP', null, '哥伦比亚比索(Colombia Peso )', null, '哥伦比亚比索(Colombia Peso )', true, false, null, null, null, null);
INSERT INTO "sys_dict_item" ("id", "dict_id", "item_code", "parent_code", "item_name", "seq_no", "remark", "active", "built_in", "create_user", "create_time", "update_user", "update_time") VALUES ('480ec3eb-873a-4239-a951-12d15579eb02', '358d66c0-caaf-4361-9633-5ddf227890de', 'CRC', null, '哥斯达黎加科朗(Costa Rica Colon)', null, '哥斯达黎加科朗(Costa Rica Colon)', true, false, null, null, null, null);
INSERT INTO "sys_dict_item" ("id", "dict_id", "item_code", "parent_code", "item_name", "seq_no", "remark", "active", "built_in", "create_user", "create_time", "update_user", "update_time") VALUES ('d47ddd91-a135-4d9c-9fe0-826acc06cb19', '358d66c0-caaf-4361-9633-5ddf227890de', 'CUP', null, '古巴比索(Cuban Peso)', null, '古巴比索(Cuban Peso)', true, false, null, null, null, null);
INSERT INTO "sys_dict_item" ("id", "dict_id", "item_code", "parent_code", "item_name", "seq_no", "remark", "active", "built_in", "create_user", "create_time", "update_user", "update_time") VALUES ('c784594a-8d36-4b5f-8253-8743e0e35d17', '358d66c0-caaf-4361-9633-5ddf227890de', 'CVE', null, '佛得角埃斯库多(Cape Verde Escudo)', null, '佛得角埃斯库多(Cape Verde Escudo)', true, false, null, null, null, null);
INSERT INTO "sys_dict_item" ("id", "dict_id", "item_code", "parent_code", "item_name", "seq_no", "remark", "active", "built_in", "create_user", "create_time", "update_user", "update_time") VALUES ('b17f6b4f-2611-475a-b5fa-085f43897967', '358d66c0-caaf-4361-9633-5ddf227890de', 'CYP', null, '塞普路斯镑(Cyprus Pound)', null, '塞普路斯镑(Cyprus Pound)', true, false, null, null, null, null);
INSERT INTO "sys_dict_item" ("id", "dict_id", "item_code", "parent_code", "item_name", "seq_no", "remark", "active", "built_in", "create_user", "create_time", "update_user", "update_time") VALUES ('17a562d8-3e8d-4f5b-b0c0-afaa5a33ed3c', '358d66c0-caaf-4361-9633-5ddf227890de', 'CZK', null, '捷克克朗(Czech Republic Koruna)', null, '捷克克朗(Czech Republic Koruna)', true, false, null, null, null, null);
INSERT INTO "sys_dict_item" ("id", "dict_id", "item_code", "parent_code", "item_name", "seq_no", "remark", "active", "built_in", "create_user", "create_time", "update_user", "update_time") VALUES ('61f684a8-557d-448c-843d-40813f0676ac', '358d66c0-caaf-4361-9633-5ddf227890de', 'DEM', null, '德国马克(German Mark)', null, '德国马克(German Mark)', true, false, null, null, null, null);
INSERT INTO "sys_dict_item" ("id", "dict_id", "item_code", "parent_code", "item_name", "seq_no", "remark", "active", "built_in", "create_user", "create_time", "update_user", "update_time") VALUES ('41a6778b-b85f-4b5d-b9c1-ace5cf7ec0e7', '358d66c0-caaf-4361-9633-5ddf227890de', 'DJF', null, '吉布提法郎(Djiboutian Franc)', null, '吉布提法郎(Djiboutian Franc)', true, false, null, null, null, null);
INSERT INTO "sys_dict_item" ("id", "dict_id", "item_code", "parent_code", "item_name", "seq_no", "remark", "active", "built_in", "create_user", "create_time", "update_user", "update_time") VALUES ('7e806fdc-176a-4ee7-8179-aba2a1574caf', '358d66c0-caaf-4361-9633-5ddf227890de', 'DKK', null, '丹麦克郎(Danish Krone)', null, '丹麦克郎(Danish Krone)', true, false, null, null, null, null);
INSERT INTO "sys_dict_item" ("id", "dict_id", "item_code", "parent_code", "item_name", "seq_no", "remark", "active", "built_in", "create_user", "create_time", "update_user", "update_time") VALUES ('61320d1c-7093-4532-a02f-605f1b3e1621', '358d66c0-caaf-4361-9633-5ddf227890de', 'DOP', null, '多米尼加比索(Dominican Peso)', null, '多米尼加比索(Dominican Peso)', true, false, null, null, null, null);
INSERT INTO "sys_dict_item" ("id", "dict_id", "item_code", "parent_code", "item_name", "seq_no", "remark", "active", "built_in", "create_user", "create_time", "update_user", "update_time") VALUES ('03dc0fe6-bb95-4eac-b600-f15ee2cb6819', '358d66c0-caaf-4361-9633-5ddf227890de', 'DZD', null, '阿尔及利亚第纳尔(Algerian Dinar )', null, '阿尔及利亚第纳尔(Algerian Dinar )', true, false, null, null, null, null);
INSERT INTO "sys_dict_item" ("id", "dict_id", "item_code", "parent_code", "item_name", "seq_no", "remark", "active", "built_in", "create_user", "create_time", "update_user", "update_time") VALUES ('858ab8ee-605e-4f71-bbcd-3a2431f93628', '358d66c0-caaf-4361-9633-5ddf227890de', 'ECS', null, '厄瓜多尔苏克雷(Ecuadorian Sucre)', null, '厄瓜多尔苏克雷(Ecuadorian Sucre)', true, false, null, null, null, null);
INSERT INTO "sys_dict_item" ("id", "dict_id", "item_code", "parent_code", "item_name", "seq_no", "remark", "active", "built_in", "create_user", "create_time", "update_user", "update_time") VALUES ('a00382b4-b3a2-4ae4-886c-1f21300b18b8', '358d66c0-caaf-4361-9633-5ddf227890de', 'EGP', null, '埃及镑(Egyptian Pound)', null, '埃及镑(Egyptian Pound)', true, false, null, null, null, null);
INSERT INTO "sys_dict_item" ("id", "dict_id", "item_code", "parent_code", "item_name", "seq_no", "remark", "active", "built_in", "create_user", "create_time", "update_user", "update_time") VALUES ('485f1083-e167-44da-aaaa-2d776245f4d0', '358d66c0-caaf-4361-9633-5ddf227890de', 'ERN', null, '厄立特里亚纳克法(Eritrean Nakfa )', null, '厄立特里亚纳克法(Eritrean Nakfa )', true, false, null, null, null, null);
INSERT INTO "sys_dict_item" ("id", "dict_id", "item_code", "parent_code", "item_name", "seq_no", "remark", "active", "built_in", "create_user", "create_time", "update_user", "update_time") VALUES ('4187a6be-d2cc-4503-a7b9-a656cf3f2c84', '358d66c0-caaf-4361-9633-5ddf227890de', 'ETB', null, '埃塞俄比亚比尔(Ethiopian Birr)', null, '埃塞俄比亚比尔(Ethiopian Birr)', true, false, null, null, null, null);
INSERT INTO "sys_dict_item" ("id", "dict_id", "item_code", "parent_code", "item_name", "seq_no", "remark", "active", "built_in", "create_user", "create_time", "update_user", "update_time") VALUES ('d322766c-32e3-4fd5-a997-98c8f5742fdf', '358d66c0-caaf-4361-9633-5ddf227890de', 'EUR', null, '欧元(Euro)', null, '欧元(Euro)', true, false, null, null, null, null);
INSERT INTO "sys_dict_item" ("id", "dict_id", "item_code", "parent_code", "item_name", "seq_no", "remark", "active", "built_in", "create_user", "create_time", "update_user", "update_time") VALUES ('012b2ae3-29f1-48bd-b31c-745c73b2c369', '358d66c0-caaf-4361-9633-5ddf227890de', 'FJD', null, '斐济元(Fiji Dollar)', null, '斐济元(Fiji Dollar)', true, false, null, null, null, null);
INSERT INTO "sys_dict_item" ("id", "dict_id", "item_code", "parent_code", "item_name", "seq_no", "remark", "active", "built_in", "create_user", "create_time", "update_user", "update_time") VALUES ('dfed206d-ea8d-431c-8c0c-cf53a39c5751', '358d66c0-caaf-4361-9633-5ddf227890de', 'FKP', null, '福克兰群岛镑(Falkland Islands Pound)', null, '福克兰群岛镑(Falkland Islands Pound)', true, false, null, null, null, null);
INSERT INTO "sys_dict_item" ("id", "dict_id", "item_code", "parent_code", "item_name", "seq_no", "remark", "active", "built_in", "create_user", "create_time", "update_user", "update_time") VALUES ('12bdf992-1baa-4d4a-99ce-a350765350ee', '358d66c0-caaf-4361-9633-5ddf227890de', 'FRF', null, '法国法郎(French Franc)', null, '法国法郎(French Franc)', true, false, null, null, null, null);
INSERT INTO "sys_dict_item" ("id", "dict_id", "item_code", "parent_code", "item_name", "seq_no", "remark", "active", "built_in", "create_user", "create_time", "update_user", "update_time") VALUES ('beccd194-824e-4324-b1bd-79acfa812d47', '358d66c0-caaf-4361-9633-5ddf227890de', 'GBP', null, '英镑(Pound Sterling)', null, '英镑(Pound Sterling)', true, false, null, null, null, null);
INSERT INTO "sys_dict_item" ("id", "dict_id", "item_code", "parent_code", "item_name", "seq_no", "remark", "active", "built_in", "create_user", "create_time", "update_user", "update_time") VALUES ('4ceba386-1856-40bd-87d2-e8f239817657', '358d66c0-caaf-4361-9633-5ddf227890de', 'GEL', null, '格鲁吉亚拉里(Georgian Lari)', null, '格鲁吉亚拉里(Georgian Lari)', true, false, null, null, null, null);
INSERT INTO "sys_dict_item" ("id", "dict_id", "item_code", "parent_code", "item_name", "seq_no", "remark", "active", "built_in", "create_user", "create_time", "update_user", "update_time") VALUES ('d1c08a49-2c3e-438a-a575-902367cb0e7e', '358d66c0-caaf-4361-9633-5ddf227890de', 'GHS', null, '加纳塞地(Ghanaian Cedi)', null, '加纳塞地(Ghanaian Cedi)', true, false, null, null, null, null);
INSERT INTO "sys_dict_item" ("id", "dict_id", "item_code", "parent_code", "item_name", "seq_no", "remark", "active", "built_in", "create_user", "create_time", "update_user", "update_time") VALUES ('c9573918-6ace-47c6-b7be-b47510864da8', '358d66c0-caaf-4361-9633-5ddf227890de', 'GIP', null, '直布罗陀镑(Gibraltar Pound)', null, '直布罗陀镑(Gibraltar Pound)', true, false, null, null, null, null);
INSERT INTO "sys_dict_item" ("id", "dict_id", "item_code", "parent_code", "item_name", "seq_no", "remark", "active", "built_in", "create_user", "create_time", "update_user", "update_time") VALUES ('397cde29-0939-4556-a1f8-01e09d7ba130', '358d66c0-caaf-4361-9633-5ddf227890de', 'GMD', null, '冈比亚达拉西(Gambian Dalasi)', null, '冈比亚达拉西(Gambian Dalasi)', true, false, null, null, null, null);
INSERT INTO "sys_dict_item" ("id", "dict_id", "item_code", "parent_code", "item_name", "seq_no", "remark", "active", "built_in", "create_user", "create_time", "update_user", "update_time") VALUES ('0eb46ef8-6cbb-49cb-8c4f-a12f2d7a4323', '358d66c0-caaf-4361-9633-5ddf227890de', 'GNF', null, '几内亚法郎(Guinean Franc)', null, '几内亚法郎(Guinean Franc)', true, false, null, null, null, null);
INSERT INTO "sys_dict_item" ("id", "dict_id", "item_code", "parent_code", "item_name", "seq_no", "remark", "active", "built_in", "create_user", "create_time", "update_user", "update_time") VALUES ('ef459ec1-21ce-4fa9-a607-e46d5efaf707', '358d66c0-caaf-4361-9633-5ddf227890de', 'GTQ', null, '危地马拉格查尔(Guatemalan Quetzal)', null, '危地马拉格查尔(Guatemalan Quetzal)', true, false, null, null, null, null);
INSERT INTO "sys_dict_item" ("id", "dict_id", "item_code", "parent_code", "item_name", "seq_no", "remark", "active", "built_in", "create_user", "create_time", "update_user", "update_time") VALUES ('8eec7eed-76e8-4eae-8342-4c025ca5475f', '358d66c0-caaf-4361-9633-5ddf227890de', 'GYD', null, '圭亚那元(Guyanese Dollar)', null, '圭亚那元(Guyanese Dollar)', true, false, null, null, null, null);
INSERT INTO "sys_dict_item" ("id", "dict_id", "item_code", "parent_code", "item_name", "seq_no", "remark", "active", "built_in", "create_user", "create_time", "update_user", "update_time") VALUES ('ef13a3fa-79d2-41f7-b8f2-0a812e1eb076', '358d66c0-caaf-4361-9633-5ddf227890de', 'HKD', null, '港币(Hong Kong Dollar)', null, '港币(Hong Kong Dollar)', true, false, null, null, null, null);
INSERT INTO "sys_dict_item" ("id", "dict_id", "item_code", "parent_code", "item_name", "seq_no", "remark", "active", "built_in", "create_user", "create_time", "update_user", "update_time") VALUES ('84b58119-d0aa-4fde-b83a-29bfcff86816', '358d66c0-caaf-4361-9633-5ddf227890de', 'HNL', null, '洪都拉斯伦皮拉(Honduran Lempira)', null, '洪都拉斯伦皮拉(Honduran Lempira)', true, false, null, null, null, null);
INSERT INTO "sys_dict_item" ("id", "dict_id", "item_code", "parent_code", "item_name", "seq_no", "remark", "active", "built_in", "create_user", "create_time", "update_user", "update_time") VALUES ('4561ddca-233c-4f43-ab1b-176d938dbda4', '358d66c0-caaf-4361-9633-5ddf227890de', 'HRK', null, '克罗地亚库纳(Croatian Kuna)', null, '克罗地亚库纳(Croatian Kuna)', true, false, null, null, null, null);
INSERT INTO "sys_dict_item" ("id", "dict_id", "item_code", "parent_code", "item_name", "seq_no", "remark", "active", "built_in", "create_user", "create_time", "update_user", "update_time") VALUES ('479c88e8-1f39-4aee-9360-600b7cace056', '358d66c0-caaf-4361-9633-5ddf227890de', 'HTG', null, '海地古德(Haitian Gourde)', null, '海地古德(Haitian Gourde)', true, false, null, null, null, null);
INSERT INTO "sys_dict_item" ("id", "dict_id", "item_code", "parent_code", "item_name", "seq_no", "remark", "active", "built_in", "create_user", "create_time", "update_user", "update_time") VALUES ('9f45368e-3cbf-4782-8c65-14673fbe2666', '358d66c0-caaf-4361-9633-5ddf227890de', 'HUF', null, '匈牙利福林(Hungarian Forint)', null, '匈牙利福林(Hungarian Forint)', true, false, null, null, null, null);
INSERT INTO "sys_dict_item" ("id", "dict_id", "item_code", "parent_code", "item_name", "seq_no", "remark", "active", "built_in", "create_user", "create_time", "update_user", "update_time") VALUES ('2c0076fa-19e1-4b42-8b15-cc5cde763100', '358d66c0-caaf-4361-9633-5ddf227890de', 'IDR', null, '印度尼西亚卢比(Indonesian Rupiah)', null, '印度尼西亚卢比(Indonesian Rupiah)', true, false, null, null, null, null);
INSERT INTO "sys_dict_item" ("id", "dict_id", "item_code", "parent_code", "item_name", "seq_no", "remark", "active", "built_in", "create_user", "create_time", "update_user", "update_time") VALUES ('7b8f0072-7b72-4198-80ec-5aee2b67935a', '358d66c0-caaf-4361-9633-5ddf227890de', 'IEP', null, '爱尔兰镑(Irish Pound)', null, '爱尔兰镑(Irish Pound)', true, false, null, null, null, null);
INSERT INTO "sys_dict_item" ("id", "dict_id", "item_code", "parent_code", "item_name", "seq_no", "remark", "active", "built_in", "create_user", "create_time", "update_user", "update_time") VALUES ('43a30014-0007-498a-aba2-03e8ab3d8ebb', '358d66c0-caaf-4361-9633-5ddf227890de', 'ILS', null, '以色列新谢克尔(Israeli New Shekel)', null, '以色列新谢克尔(Israeli New Shekel)', true, false, null, null, null, null);
INSERT INTO "sys_dict_item" ("id", "dict_id", "item_code", "parent_code", "item_name", "seq_no", "remark", "active", "built_in", "create_user", "create_time", "update_user", "update_time") VALUES ('cc1c6847-1d42-4848-8c81-7df08782bbdd', '358d66c0-caaf-4361-9633-5ddf227890de', 'INR', null, '印度卢比(Indian Rupee)', null, '印度卢比(Indian Rupee)', true, false, null, null, null, null);
INSERT INTO "sys_dict_item" ("id", "dict_id", "item_code", "parent_code", "item_name", "seq_no", "remark", "active", "built_in", "create_user", "create_time", "update_user", "update_time") VALUES ('7a7a607f-3b42-44c0-83a3-e564cecced11', '358d66c0-caaf-4361-9633-5ddf227890de', 'IQD', null, '伊拉克第纳尔(Iraqi Dinar)', null, '伊拉克第纳尔(Iraqi Dinar)', true, false, null, null, null, null);
INSERT INTO "sys_dict_item" ("id", "dict_id", "item_code", "parent_code", "item_name", "seq_no", "remark", "active", "built_in", "create_user", "create_time", "update_user", "update_time") VALUES ('c0b722b4-4807-4c02-895c-c247d96983c3', '358d66c0-caaf-4361-9633-5ddf227890de', 'IRR', null, '伊朗里亚尔(Iranian Rial)', null, '伊朗里亚尔(Iranian Rial)', true, false, null, null, null, null);
INSERT INTO "sys_dict_item" ("id", "dict_id", "item_code", "parent_code", "item_name", "seq_no", "remark", "active", "built_in", "create_user", "create_time", "update_user", "update_time") VALUES ('c41e003c-477e-4de9-b4bb-5b05c6895d79', '358d66c0-caaf-4361-9633-5ddf227890de', 'ISK', null, '冰岛克郎(Icelandic Krona)', null, '冰岛克郎(Icelandic Krona)', true, false, null, null, null, null);
INSERT INTO "sys_dict_item" ("id", "dict_id", "item_code", "parent_code", "item_name", "seq_no", "remark", "active", "built_in", "create_user", "create_time", "update_user", "update_time") VALUES ('c59e4a46-5471-4933-9da0-6bb0ce9c0604', '358d66c0-caaf-4361-9633-5ddf227890de', 'ITL', null, '意大利里拉(Italian Lira)', null, '意大利里拉(Italian Lira)', true, false, null, null, null, null);
INSERT INTO "sys_dict_item" ("id", "dict_id", "item_code", "parent_code", "item_name", "seq_no", "remark", "active", "built_in", "create_user", "create_time", "update_user", "update_time") VALUES ('eda1572e-f9ec-4ca4-9066-9f606bab49ab', '358d66c0-caaf-4361-9633-5ddf227890de', 'JMD', null, '牙买加元(Jamaican Dollar)', null, '牙买加元(Jamaican Dollar)', true, false, null, null, null, null);
INSERT INTO "sys_dict_item" ("id", "dict_id", "item_code", "parent_code", "item_name", "seq_no", "remark", "active", "built_in", "create_user", "create_time", "update_user", "update_time") VALUES ('65e3c9cf-dd79-4640-98f7-d3c1b24ab637', '358d66c0-caaf-4361-9633-5ddf227890de', 'JOD', null, '约旦第纳尔(Jordanian Dinar)', null, '约旦第纳尔(Jordanian Dinar)', true, false, null, null, null, null);
INSERT INTO "sys_dict_item" ("id", "dict_id", "item_code", "parent_code", "item_name", "seq_no", "remark", "active", "built_in", "create_user", "create_time", "update_user", "update_time") VALUES ('4a65338d-182a-40b1-87eb-69219e2bc722', '358d66c0-caaf-4361-9633-5ddf227890de', 'JPY', null, '日元(Japanese Yen)', null, '日元(Japanese Yen)', true, false, null, null, null, null);
INSERT INTO "sys_dict_item" ("id", "dict_id", "item_code", "parent_code", "item_name", "seq_no", "remark", "active", "built_in", "create_user", "create_time", "update_user", "update_time") VALUES ('023ffd1c-edbe-411a-a0ff-ca6fa5e85d8a', '358d66c0-caaf-4361-9633-5ddf227890de', 'KES', null, '肯尼亚先令(Kenyan Shilling)', null, '肯尼亚先令(Kenyan Shilling)', true, false, null, null, null, null);
INSERT INTO "sys_dict_item" ("id", "dict_id", "item_code", "parent_code", "item_name", "seq_no", "remark", "active", "built_in", "create_user", "create_time", "update_user", "update_time") VALUES ('e2fccb65-a912-42b2-8f4e-1920c24faef1', '358d66c0-caaf-4361-9633-5ddf227890de', 'KGS', null, '吉尔吉斯斯坦索姆(Kyrgyzstani Som)', null, '吉尔吉斯斯坦索姆(Kyrgyzstani Som)', true, false, null, null, null, null);
INSERT INTO "sys_dict_item" ("id", "dict_id", "item_code", "parent_code", "item_name", "seq_no", "remark", "active", "built_in", "create_user", "create_time", "update_user", "update_time") VALUES ('c7345c29-213c-4336-b44e-e95a27aaf3c0', '358d66c0-caaf-4361-9633-5ddf227890de', 'KHR', null, '柬埔寨瑞尔(Cambodian Riel)', null, '柬埔寨瑞尔(Cambodian Riel)', true, false, null, null, null, null);
INSERT INTO "sys_dict_item" ("id", "dict_id", "item_code", "parent_code", "item_name", "seq_no", "remark", "active", "built_in", "create_user", "create_time", "update_user", "update_time") VALUES ('df63905f-7f8b-448c-9932-5e01bc3f0dd7', '358d66c0-caaf-4361-9633-5ddf227890de', 'KMF', null, '科摩罗法郎(Comorian franc)', null, '科摩罗法郎(Comorian franc)', true, false, null, null, null, null);
INSERT INTO "sys_dict_item" ("id", "dict_id", "item_code", "parent_code", "item_name", "seq_no", "remark", "active", "built_in", "create_user", "create_time", "update_user", "update_time") VALUES ('eab6d804-e17d-470d-86e1-768426f5aa15', '358d66c0-caaf-4361-9633-5ddf227890de', 'KPW', null, '朝鲜元(North Korean Won)', null, '朝鲜元(North Korean Won)', true, false, null, null, null, null);
INSERT INTO "sys_dict_item" ("id", "dict_id", "item_code", "parent_code", "item_name", "seq_no", "remark", "active", "built_in", "create_user", "create_time", "update_user", "update_time") VALUES ('74e39f2d-e87b-4d42-b7cd-72d864090192', '358d66c0-caaf-4361-9633-5ddf227890de', 'KRW', null, '韩元(South Korean Won)', null, '韩元(South Korean Won)', true, false, null, null, null, null);
INSERT INTO "sys_dict_item" ("id", "dict_id", "item_code", "parent_code", "item_name", "seq_no", "remark", "active", "built_in", "create_user", "create_time", "update_user", "update_time") VALUES ('cd07c6dc-8d83-41be-ba28-3312edce5aa1', '358d66c0-caaf-4361-9633-5ddf227890de', 'KWD', null, '科威特第纳尔(Kuwaiti Dinar)', null, '科威特第纳尔(Kuwaiti Dinar)', true, false, null, null, null, null);
INSERT INTO "sys_dict_item" ("id", "dict_id", "item_code", "parent_code", "item_name", "seq_no", "remark", "active", "built_in", "create_user", "create_time", "update_user", "update_time") VALUES ('89d9fbca-a18d-4a99-93c5-dc8605ba5c1e', '358d66c0-caaf-4361-9633-5ddf227890de', 'KYD', null, '开曼群岛元(Cayman Islands Dollar)', null, '开曼群岛元(Cayman Islands Dollar)', true, false, null, null, null, null);
INSERT INTO "sys_dict_item" ("id", "dict_id", "item_code", "parent_code", "item_name", "seq_no", "remark", "active", "built_in", "create_user", "create_time", "update_user", "update_time") VALUES ('0dad9290-9f12-49fe-888c-85e72df8f3d3', '358d66c0-caaf-4361-9633-5ddf227890de', 'KZT', null, '哈萨克斯坦腾格(Kazakstani Tenge)', null, '哈萨克斯坦腾格(Kazakstani Tenge)', true, false, null, null, null, null);
INSERT INTO "sys_dict_item" ("id", "dict_id", "item_code", "parent_code", "item_name", "seq_no", "remark", "active", "built_in", "create_user", "create_time", "update_user", "update_time") VALUES ('2d249c59-8e90-488a-8ef2-7296a2f396a7', '358d66c0-caaf-4361-9633-5ddf227890de', 'LAK', null, '老挝基普(Lao kip)', null, '老挝基普(Lao kip)', true, false, null, null, null, null);
INSERT INTO "sys_dict_item" ("id", "dict_id", "item_code", "parent_code", "item_name", "seq_no", "remark", "active", "built_in", "create_user", "create_time", "update_user", "update_time") VALUES ('3b4308cd-e4b4-4c1a-aa77-0ecdfd63beb8', '358d66c0-caaf-4361-9633-5ddf227890de', 'LBP', null, '黎巴嫩镑(Lebanese Pound)', null, '黎巴嫩镑(Lebanese Pound)', true, false, null, null, null, null);
INSERT INTO "sys_dict_item" ("id", "dict_id", "item_code", "parent_code", "item_name", "seq_no", "remark", "active", "built_in", "create_user", "create_time", "update_user", "update_time") VALUES ('c6b8fcb0-732c-4e3a-989d-de6da414058d', '358d66c0-caaf-4361-9633-5ddf227890de', 'LKR', null, '斯里兰卡卢比(Sri Lankan Rupee)', null, '斯里兰卡卢比(Sri Lankan Rupee)', true, false, null, null, null, null);
INSERT INTO "sys_dict_item" ("id", "dict_id", "item_code", "parent_code", "item_name", "seq_no", "remark", "active", "built_in", "create_user", "create_time", "update_user", "update_time") VALUES ('b0202229-82fa-45c0-9156-346596bf843d', '358d66c0-caaf-4361-9633-5ddf227890de', 'LRD', null, '利比里亚元(Liberian dollar)', null, '利比里亚元(Liberian dollar)', true, false, null, null, null, null);
INSERT INTO "sys_dict_item" ("id", "dict_id", "item_code", "parent_code", "item_name", "seq_no", "remark", "active", "built_in", "create_user", "create_time", "update_user", "update_time") VALUES ('8a7fe776-ceb5-4004-85b5-400b16d83d82', '358d66c0-caaf-4361-9633-5ddf227890de', 'LSL', null, '莱索托洛蒂(Lesotho Loti)', null, '莱索托洛蒂(Lesotho Loti)', true, false, null, null, null, null);
INSERT INTO "sys_dict_item" ("id", "dict_id", "item_code", "parent_code", "item_name", "seq_no", "remark", "active", "built_in", "create_user", "create_time", "update_user", "update_time") VALUES ('ba488c82-4cdd-47d4-b7bc-9bc73067958a', '358d66c0-caaf-4361-9633-5ddf227890de', 'LTL', null, '立陶宛立特(Lithuanian Litas)', null, '立陶宛立特(Lithuanian Litas)', true, false, null, null, null, null);
INSERT INTO "sys_dict_item" ("id", "dict_id", "item_code", "parent_code", "item_name", "seq_no", "remark", "active", "built_in", "create_user", "create_time", "update_user", "update_time") VALUES ('b83ceb01-364a-40d6-9c80-96e18274e4ea', '358d66c0-caaf-4361-9633-5ddf227890de', 'LVL', null, '拉脱维亚拉特(Latvian Lats)', null, '拉脱维亚拉特(Latvian Lats)', true, false, null, null, null, null);
INSERT INTO "sys_dict_item" ("id", "dict_id", "item_code", "parent_code", "item_name", "seq_no", "remark", "active", "built_in", "create_user", "create_time", "update_user", "update_time") VALUES ('8ae38779-ee95-4eee-b787-c2aee5aa9409', '358d66c0-caaf-4361-9633-5ddf227890de', 'LYD', null, '利比亚第纳尔(Libyan Dinar)', null, '利比亚第纳尔(Libyan Dinar)', true, false, null, null, null, null);
INSERT INTO "sys_dict_item" ("id", "dict_id", "item_code", "parent_code", "item_name", "seq_no", "remark", "active", "built_in", "create_user", "create_time", "update_user", "update_time") VALUES ('846b887b-bfe7-4ca0-a12d-46df9d1d32e9', '358d66c0-caaf-4361-9633-5ddf227890de', 'MAD', null, '摩洛哥迪拉姆(Moroccan Dirham)', null, '摩洛哥迪拉姆(Moroccan Dirham)', true, false, null, null, null, null);
INSERT INTO "sys_dict_item" ("id", "dict_id", "item_code", "parent_code", "item_name", "seq_no", "remark", "active", "built_in", "create_user", "create_time", "update_user", "update_time") VALUES ('479e1991-8f42-41c9-91f2-ab077e5f1649', '358d66c0-caaf-4361-9633-5ddf227890de', 'MDL', null, '摩尔多瓦列伊(Moldovan Leu)', null, '摩尔多瓦列伊(Moldovan Leu)', true, false, null, null, null, null);
INSERT INTO "sys_dict_item" ("id", "dict_id", "item_code", "parent_code", "item_name", "seq_no", "remark", "active", "built_in", "create_user", "create_time", "update_user", "update_time") VALUES ('8d567047-5628-439a-aac2-2c0d12bb4354', '358d66c0-caaf-4361-9633-5ddf227890de', 'MGA', null, '马达加斯加阿里亚里(Malagasy Ariary)', null, '马达加斯加阿里亚里(Malagasy Ariary)', true, false, null, null, null, null);
INSERT INTO "sys_dict_item" ("id", "dict_id", "item_code", "parent_code", "item_name", "seq_no", "remark", "active", "built_in", "create_user", "create_time", "update_user", "update_time") VALUES ('72eb425c-e31e-4afa-8c85-0099fefb8229', '358d66c0-caaf-4361-9633-5ddf227890de', 'MKD', null, '马其顿代纳尔(Macedonian Denar)', null, '马其顿代纳尔(Macedonian Denar)', true, false, null, null, null, null);
INSERT INTO "sys_dict_item" ("id", "dict_id", "item_code", "parent_code", "item_name", "seq_no", "remark", "active", "built_in", "create_user", "create_time", "update_user", "update_time") VALUES ('e56dda8c-f643-4d3f-b2c1-305bd9637be8', '358d66c0-caaf-4361-9633-5ddf227890de', 'MMK', null, '缅甸元(Myanmar Kyat)', null, '缅甸元(Myanmar Kyat)', true, false, null, null, null, null);
INSERT INTO "sys_dict_item" ("id", "dict_id", "item_code", "parent_code", "item_name", "seq_no", "remark", "active", "built_in", "create_user", "create_time", "update_user", "update_time") VALUES ('20119ce7-b907-48ea-8a22-fab87e0a4c84', '358d66c0-caaf-4361-9633-5ddf227890de', 'MNT', null, '蒙古图格里克(Mongolian Tugrik)', null, '蒙古图格里克(Mongolian Tugrik)', true, false, null, null, null, null);
INSERT INTO "sys_dict_item" ("id", "dict_id", "item_code", "parent_code", "item_name", "seq_no", "remark", "active", "built_in", "create_user", "create_time", "update_user", "update_time") VALUES ('93e28ab1-d061-42a8-a108-6e3ef574f37b', '358d66c0-caaf-4361-9633-5ddf227890de', 'MOP', null, '澳门元(Macau Pataca)', null, '澳门元(Macau Pataca)', true, false, null, null, null, null);
INSERT INTO "sys_dict_item" ("id", "dict_id", "item_code", "parent_code", "item_name", "seq_no", "remark", "active", "built_in", "create_user", "create_time", "update_user", "update_time") VALUES ('f9626359-fc0c-4832-82d7-eecd278165be', '358d66c0-caaf-4361-9633-5ddf227890de', 'MRO', null, '毛里塔尼亚乌吉亚(Mauritania Ouguiya)', null, '毛里塔尼亚乌吉亚(Mauritania Ouguiya)', true, false, null, null, null, null);
INSERT INTO "sys_dict_item" ("id", "dict_id", "item_code", "parent_code", "item_name", "seq_no", "remark", "active", "built_in", "create_user", "create_time", "update_user", "update_time") VALUES ('1412105f-1a05-41dd-9727-3a250cdfa78f', '358d66c0-caaf-4361-9633-5ddf227890de', 'MUR', null, '毛里求斯卢比(Mauritian Rupee)', null, '毛里求斯卢比(Mauritian Rupee)', true, false, null, null, null, null);
INSERT INTO "sys_dict_item" ("id", "dict_id", "item_code", "parent_code", "item_name", "seq_no", "remark", "active", "built_in", "create_user", "create_time", "update_user", "update_time") VALUES ('baf5f90e-17d0-4dbc-a372-01b610b7a325', '358d66c0-caaf-4361-9633-5ddf227890de', 'MVR', null, '马尔代夫拉菲亚(Maldives Rufiyaa)', null, '马尔代夫拉菲亚(Maldives Rufiyaa)', true, false, null, null, null, null);
INSERT INTO "sys_dict_item" ("id", "dict_id", "item_code", "parent_code", "item_name", "seq_no", "remark", "active", "built_in", "create_user", "create_time", "update_user", "update_time") VALUES ('53cc7b16-f3bd-4d39-bb27-534aa0f6bcb0', '358d66c0-caaf-4361-9633-5ddf227890de', 'MWK', null, '马拉维克瓦查(Malawian Kwacha)', null, '马拉维克瓦查(Malawian Kwacha)', true, false, null, null, null, null);
INSERT INTO "sys_dict_item" ("id", "dict_id", "item_code", "parent_code", "item_name", "seq_no", "remark", "active", "built_in", "create_user", "create_time", "update_user", "update_time") VALUES ('a696c08a-25e4-46b0-a015-4ab6fb5828cf', '358d66c0-caaf-4361-9633-5ddf227890de', 'MXN', null, '墨西哥比索(Mexican Peso)', null, '墨西哥比索(Mexican Peso)', true, false, null, null, null, null);
INSERT INTO "sys_dict_item" ("id", "dict_id", "item_code", "parent_code", "item_name", "seq_no", "remark", "active", "built_in", "create_user", "create_time", "update_user", "update_time") VALUES ('786231be-dc18-40c7-bec0-9d6487700e83', '358d66c0-caaf-4361-9633-5ddf227890de', 'MXV', null, '墨西哥MXV(Mexican Unidad De Inversion)', null, '墨西哥MXV(Mexican Unidad De Inversion)', true, false, null, null, null, null);
INSERT INTO "sys_dict_item" ("id", "dict_id", "item_code", "parent_code", "item_name", "seq_no", "remark", "active", "built_in", "create_user", "create_time", "update_user", "update_time") VALUES ('b224e9eb-94ec-4735-997c-259d33f79bc5', '358d66c0-caaf-4361-9633-5ddf227890de', 'MYR', null, '马来西亚林吉特(Malaysian Ringgit)', null, '马来西亚林吉特(Malaysian Ringgit)', true, false, null, null, null, null);
INSERT INTO "sys_dict_item" ("id", "dict_id", "item_code", "parent_code", "item_name", "seq_no", "remark", "active", "built_in", "create_user", "create_time", "update_user", "update_time") VALUES ('7db0951f-2d5e-42ef-9962-4ce1925c7657', '358d66c0-caaf-4361-9633-5ddf227890de', 'MZN', null, '莫桑比克新梅蒂卡尔(New Mozambican Metical)', null, '莫桑比克新梅蒂卡尔(New Mozambican Metical)', true, false, null, null, null, null);
INSERT INTO "sys_dict_item" ("id", "dict_id", "item_code", "parent_code", "item_name", "seq_no", "remark", "active", "built_in", "create_user", "create_time", "update_user", "update_time") VALUES ('d2b1bf0e-3e72-4ede-ba3e-39376d957ab7', '358d66c0-caaf-4361-9633-5ddf227890de', 'NAD', null, '纳米比亚元(Namibian Dollar)', null, '纳米比亚元(Namibian Dollar)', true, false, null, null, null, null);
INSERT INTO "sys_dict_item" ("id", "dict_id", "item_code", "parent_code", "item_name", "seq_no", "remark", "active", "built_in", "create_user", "create_time", "update_user", "update_time") VALUES ('14c3e4a6-721e-4f7c-8f74-4f1540c8356c', '358d66c0-caaf-4361-9633-5ddf227890de', 'NGN', null, '尼日利亚奈拉(Nigerian Naira)', null, '尼日利亚奈拉(Nigerian Naira)', true, false, null, null, null, null);
INSERT INTO "sys_dict_item" ("id", "dict_id", "item_code", "parent_code", "item_name", "seq_no", "remark", "active", "built_in", "create_user", "create_time", "update_user", "update_time") VALUES ('975daaf6-bae3-4faa-9de6-9c2cfa16125b', '358d66c0-caaf-4361-9633-5ddf227890de', 'NIO', null, '尼加拉瓜新科多巴(Nicaraguan Cordoba Oro)', null, '尼加拉瓜新科多巴(Nicaraguan Cordoba Oro)', true, false, null, null, null, null);
INSERT INTO "sys_dict_item" ("id", "dict_id", "item_code", "parent_code", "item_name", "seq_no", "remark", "active", "built_in", "create_user", "create_time", "update_user", "update_time") VALUES ('087c418f-796f-4a01-b04c-31597cba6489', '358d66c0-caaf-4361-9633-5ddf227890de', 'NOK', null, '挪威克朗(Norwegian Krone)', null, '挪威克朗(Norwegian Krone)', true, false, null, null, null, null);
INSERT INTO "sys_dict_item" ("id", "dict_id", "item_code", "parent_code", "item_name", "seq_no", "remark", "active", "built_in", "create_user", "create_time", "update_user", "update_time") VALUES ('4ba6a4ee-da4a-4d15-ba8e-2e2f63d7581a', '358d66c0-caaf-4361-9633-5ddf227890de', 'NPR', null, '尼泊尔卢比(Nepalese Rupee)', null, '尼泊尔卢比(Nepalese Rupee)', true, false, null, null, null, null);
INSERT INTO "sys_dict_item" ("id", "dict_id", "item_code", "parent_code", "item_name", "seq_no", "remark", "active", "built_in", "create_user", "create_time", "update_user", "update_time") VALUES ('827d6e80-0fe8-47ac-900d-e186d8a79a1a', '358d66c0-caaf-4361-9633-5ddf227890de', 'NZD', null, '新西兰元(New Zealand Dollar)', null, '新西兰元(New Zealand Dollar)', true, false, null, null, null, null);
INSERT INTO "sys_dict_item" ("id", "dict_id", "item_code", "parent_code", "item_name", "seq_no", "remark", "active", "built_in", "create_user", "create_time", "update_user", "update_time") VALUES ('4a70c7c0-3c35-49cb-a2a8-617cbcb63e3a', '358d66c0-caaf-4361-9633-5ddf227890de', 'OMR', null, '阿曼里亚尔(Omani Rial)', null, '阿曼里亚尔(Omani Rial)', true, false, null, null, null, null);
INSERT INTO "sys_dict_item" ("id", "dict_id", "item_code", "parent_code", "item_name", "seq_no", "remark", "active", "built_in", "create_user", "create_time", "update_user", "update_time") VALUES ('50298d1a-b701-421e-a8a0-6436b250009b', '358d66c0-caaf-4361-9633-5ddf227890de', 'PAB', null, '巴拿马巴波亚(Panamanian Balboa)', null, '巴拿马巴波亚(Panamanian Balboa)', true, false, null, null, null, null);
INSERT INTO "sys_dict_item" ("id", "dict_id", "item_code", "parent_code", "item_name", "seq_no", "remark", "active", "built_in", "create_user", "create_time", "update_user", "update_time") VALUES ('2cb78127-35a1-4ce7-8727-f340c23abab1', '358d66c0-caaf-4361-9633-5ddf227890de', 'PEN', null, '秘鲁新索尔(Peruvian Nuevo Sol)', null, '秘鲁新索尔(Peruvian Nuevo Sol)', true, false, null, null, null, null);
INSERT INTO "sys_dict_item" ("id", "dict_id", "item_code", "parent_code", "item_name", "seq_no", "remark", "active", "built_in", "create_user", "create_time", "update_user", "update_time") VALUES ('87908fd8-c68a-403a-9ed0-68c4aa4fe260', '358d66c0-caaf-4361-9633-5ddf227890de', 'PGK', null, '巴布亚新几内亚基那(Papua New Guinea Kina)', null, '巴布亚新几内亚基那(Papua New Guinea Kina)', true, false, null, null, null, null);
INSERT INTO "sys_dict_item" ("id", "dict_id", "item_code", "parent_code", "item_name", "seq_no", "remark", "active", "built_in", "create_user", "create_time", "update_user", "update_time") VALUES ('79191835-9ea5-42d7-8ff4-1445333429c6', '358d66c0-caaf-4361-9633-5ddf227890de', 'PHP', null, '菲律宾比索(Philippine Peso)', null, '菲律宾比索(Philippine Peso)', true, false, null, null, null, null);
INSERT INTO "sys_dict_item" ("id", "dict_id", "item_code", "parent_code", "item_name", "seq_no", "remark", "active", "built_in", "create_user", "create_time", "update_user", "update_time") VALUES ('f7737bd0-d5b7-4b5f-bcde-3460f85f8c17', '358d66c0-caaf-4361-9633-5ddf227890de', 'PKR', null, '巴基斯坦卢比(Pakistan Rupee)', null, '巴基斯坦卢比(Pakistan Rupee)', true, false, null, null, null, null);
INSERT INTO "sys_dict_item" ("id", "dict_id", "item_code", "parent_code", "item_name", "seq_no", "remark", "active", "built_in", "create_user", "create_time", "update_user", "update_time") VALUES ('b9920a74-216a-4065-af5f-07896b834906', '358d66c0-caaf-4361-9633-5ddf227890de', 'PLN', null, '波兰兹罗提(Polish Zloty)', null, '波兰兹罗提(Polish Zloty)', true, false, null, null, null, null);
INSERT INTO "sys_dict_item" ("id", "dict_id", "item_code", "parent_code", "item_name", "seq_no", "remark", "active", "built_in", "create_user", "create_time", "update_user", "update_time") VALUES ('b22aa9a3-eb03-452f-bff5-0b8b175a07ff', '358d66c0-caaf-4361-9633-5ddf227890de', 'PYG', null, '巴拉圭瓜拉尼(Paraguayan Guarani)', null, '巴拉圭瓜拉尼(Paraguayan Guarani)', true, false, null, null, null, null);
INSERT INTO "sys_dict_item" ("id", "dict_id", "item_code", "parent_code", "item_name", "seq_no", "remark", "active", "built_in", "create_user", "create_time", "update_user", "update_time") VALUES ('91a3fe9d-2aef-497f-8bc2-55b4992d02c1', '358d66c0-caaf-4361-9633-5ddf227890de', 'QAR', null, '卡塔尔里亚尔(Qatari Riyal)', null, '卡塔尔里亚尔(Qatari Riyal)', true, false, null, null, null, null);
INSERT INTO "sys_dict_item" ("id", "dict_id", "item_code", "parent_code", "item_name", "seq_no", "remark", "active", "built_in", "create_user", "create_time", "update_user", "update_time") VALUES ('e2b5e767-2caa-4b40-ace6-e18310792e64', '358d66c0-caaf-4361-9633-5ddf227890de', 'RON', null, '罗马尼亚列伊(Romanian Leu)', null, '罗马尼亚列伊(Romanian Leu)', true, false, null, null, null, null);
INSERT INTO "sys_dict_item" ("id", "dict_id", "item_code", "parent_code", "item_name", "seq_no", "remark", "active", "built_in", "create_user", "create_time", "update_user", "update_time") VALUES ('6bb94abf-5fad-4e64-a039-34f07211a5dd', '358d66c0-caaf-4361-9633-5ddf227890de', 'RSD', null, '塞尔维亚第纳尔(Serbian Dinar)', null, '塞尔维亚第纳尔(Serbian Dinar)', true, false, null, null, null, null);
INSERT INTO "sys_dict_item" ("id", "dict_id", "item_code", "parent_code", "item_name", "seq_no", "remark", "active", "built_in", "create_user", "create_time", "update_user", "update_time") VALUES ('0b6cfc89-2bd4-4cbb-a086-cedf9f32490a', '358d66c0-caaf-4361-9633-5ddf227890de', 'RUB', null, '俄罗斯卢布(Russian Ruble)', null, '俄罗斯卢布(Russian Ruble)', true, false, null, null, null, null);
INSERT INTO "sys_dict_item" ("id", "dict_id", "item_code", "parent_code", "item_name", "seq_no", "remark", "active", "built_in", "create_user", "create_time", "update_user", "update_time") VALUES ('de98da4c-70b9-4caa-970c-7aa2922aa10b', '358d66c0-caaf-4361-9633-5ddf227890de', 'RWF', null, '卢旺达法郎(Rwandan Franc)', null, '卢旺达法郎(Rwandan Franc)', true, false, null, null, null, null);
INSERT INTO "sys_dict_item" ("id", "dict_id", "item_code", "parent_code", "item_name", "seq_no", "remark", "active", "built_in", "create_user", "create_time", "update_user", "update_time") VALUES ('164c6256-a0ca-47f6-9daa-971f9bdb523c', '358d66c0-caaf-4361-9633-5ddf227890de', 'SAR', null, '沙特里亚尔(Saudi Arabian Riyal)', null, '沙特里亚尔(Saudi Arabian Riyal)', true, false, null, null, null, null);
INSERT INTO "sys_dict_item" ("id", "dict_id", "item_code", "parent_code", "item_name", "seq_no", "remark", "active", "built_in", "create_user", "create_time", "update_user", "update_time") VALUES ('080f9c05-ebfd-44dd-8009-b0945998e178', '358d66c0-caaf-4361-9633-5ddf227890de', 'SBD', null, '所罗门群岛元(Solomon Islands Dollar)', null, '所罗门群岛元(Solomon Islands Dollar)', true, false, null, null, null, null);
INSERT INTO "sys_dict_item" ("id", "dict_id", "item_code", "parent_code", "item_name", "seq_no", "remark", "active", "built_in", "create_user", "create_time", "update_user", "update_time") VALUES ('0c180c5c-f236-4be1-b3d2-0ed4bf2cf99c', '358d66c0-caaf-4361-9633-5ddf227890de', 'SCR', null, '塞舌尔卢比(Seychelles Rupee)', null, '塞舌尔卢比(Seychelles Rupee)', true, false, null, null, null, null);
INSERT INTO "sys_dict_item" ("id", "dict_id", "item_code", "parent_code", "item_name", "seq_no", "remark", "active", "built_in", "create_user", "create_time", "update_user", "update_time") VALUES ('7ab2e079-eb81-4b82-8140-bd006dadbdeb', '358d66c0-caaf-4361-9633-5ddf227890de', 'SDG', null, '苏丹磅(Sudanese Pound)', null, '苏丹磅(Sudanese Pound)', true, false, null, null, null, null);
INSERT INTO "sys_dict_item" ("id", "dict_id", "item_code", "parent_code", "item_name", "seq_no", "remark", "active", "built_in", "create_user", "create_time", "update_user", "update_time") VALUES ('bedc72cc-cbe0-426b-a34b-b606edd3cb03', '358d66c0-caaf-4361-9633-5ddf227890de', 'SEK', null, '瑞典克朗(Swedish Krona)', null, '瑞典克朗(Swedish Krona)', true, false, null, null, null, null);
INSERT INTO "sys_dict_item" ("id", "dict_id", "item_code", "parent_code", "item_name", "seq_no", "remark", "active", "built_in", "create_user", "create_time", "update_user", "update_time") VALUES ('ea2bad89-4ff4-421c-8abb-d162644dacb9', '358d66c0-caaf-4361-9633-5ddf227890de', 'SGD', null, '新加坡元(Singapore Dollar)', null, '新加坡元(Singapore Dollar)', true, false, null, null, null, null);
INSERT INTO "sys_dict_item" ("id", "dict_id", "item_code", "parent_code", "item_name", "seq_no", "remark", "active", "built_in", "create_user", "create_time", "update_user", "update_time") VALUES ('ef008755-5d37-4b58-9080-e102ef3f07af', '358d66c0-caaf-4361-9633-5ddf227890de', 'SHP', null, '圣赫勒拿镑(Saint Helena Pound)', null, '圣赫勒拿镑(Saint Helena Pound)', true, false, null, null, null, null);
INSERT INTO "sys_dict_item" ("id", "dict_id", "item_code", "parent_code", "item_name", "seq_no", "remark", "active", "built_in", "create_user", "create_time", "update_user", "update_time") VALUES ('8bf8f0ef-0752-4085-91a9-58c871425521', '358d66c0-caaf-4361-9633-5ddf227890de', 'SIT', null, '斯洛文尼亚托拉尔(Slovenian Tolar)', null, '斯洛文尼亚托拉尔(Slovenian Tolar)', true, false, null, null, null, null);
INSERT INTO "sys_dict_item" ("id", "dict_id", "item_code", "parent_code", "item_name", "seq_no", "remark", "active", "built_in", "create_user", "create_time", "update_user", "update_time") VALUES ('b6d5fe35-edaa-414e-938a-b1af5f3d3ab4', '358d66c0-caaf-4361-9633-5ddf227890de', 'SLL', null, '塞拉利昂利昂(Sierra Leonean Leone)', null, '塞拉利昂利昂(Sierra Leonean Leone)', true, false, null, null, null, null);
INSERT INTO "sys_dict_item" ("id", "dict_id", "item_code", "parent_code", "item_name", "seq_no", "remark", "active", "built_in", "create_user", "create_time", "update_user", "update_time") VALUES ('fed0097e-71d0-4ecb-b258-3a071f720499', '358d66c0-caaf-4361-9633-5ddf227890de', 'SOS', null, '索马里先令(Somali Shilling)', null, '索马里先令(Somali Shilling)', true, false, null, null, null, null);
INSERT INTO "sys_dict_item" ("id", "dict_id", "item_code", "parent_code", "item_name", "seq_no", "remark", "active", "built_in", "create_user", "create_time", "update_user", "update_time") VALUES ('03a5eb42-cbcc-4b87-b118-71ca6614ba4a', '358d66c0-caaf-4361-9633-5ddf227890de', 'SRD', null, '苏里南元(Suriname Dollar)', null, '苏里南元(Suriname Dollar)', true, false, null, null, null, null);
INSERT INTO "sys_dict_item" ("id", "dict_id", "item_code", "parent_code", "item_name", "seq_no", "remark", "active", "built_in", "create_user", "create_time", "update_user", "update_time") VALUES ('67562946-7762-4aca-bf15-294763010709', '358d66c0-caaf-4361-9633-5ddf227890de', 'STD', null, '圣多美多布拉(Sao Tome Dobra)', null, '圣多美多布拉(Sao Tome Dobra)', true, false, null, null, null, null);
INSERT INTO "sys_dict_item" ("id", "dict_id", "item_code", "parent_code", "item_name", "seq_no", "remark", "active", "built_in", "create_user", "create_time", "update_user", "update_time") VALUES ('e7b61362-59e8-4274-b6d5-b7f82afd3f13', '358d66c0-caaf-4361-9633-5ddf227890de', 'SVC', null, '萨尔瓦多科朗(Salvadoran Colon)', null, '萨尔瓦多科朗(Salvadoran Colon)', true, false, null, null, null, null);
INSERT INTO "sys_dict_item" ("id", "dict_id", "item_code", "parent_code", "item_name", "seq_no", "remark", "active", "built_in", "create_user", "create_time", "update_user", "update_time") VALUES ('9313b7d0-75f0-4cb6-8389-8e12d2119650', '358d66c0-caaf-4361-9633-5ddf227890de', 'SYP', null, '叙利亚镑(Syrian Pound)', null, '叙利亚镑(Syrian Pound)', true, false, null, null, null, null);
INSERT INTO "sys_dict_item" ("id", "dict_id", "item_code", "parent_code", "item_name", "seq_no", "remark", "active", "built_in", "create_user", "create_time", "update_user", "update_time") VALUES ('a8c39f5b-327f-405b-a53b-0fbde75a3bd9', '358d66c0-caaf-4361-9633-5ddf227890de', 'SZL', null, '斯威士兰里兰吉尼(Swazi Lilangeni)', null, '斯威士兰里兰吉尼(Swazi Lilangeni)', true, false, null, null, null, null);
INSERT INTO "sys_dict_item" ("id", "dict_id", "item_code", "parent_code", "item_name", "seq_no", "remark", "active", "built_in", "create_user", "create_time", "update_user", "update_time") VALUES ('585306ad-38ea-4bc7-a801-4bcc5dc8e109', '358d66c0-caaf-4361-9633-5ddf227890de', 'THB', null, '泰铢(Thai Baht)', null, '泰铢(Thai Baht)', true, false, null, null, null, null);
INSERT INTO "sys_dict_item" ("id", "dict_id", "item_code", "parent_code", "item_name", "seq_no", "remark", "active", "built_in", "create_user", "create_time", "update_user", "update_time") VALUES ('9b5c3d81-a033-43a8-9fb2-5ca61d750248', '358d66c0-caaf-4361-9633-5ddf227890de', 'TJS', null, '塔吉克斯坦索莫尼(Tajikistan Somoni)', null, '塔吉克斯坦索莫尼(Tajikistan Somoni)', true, false, null, null, null, null);
INSERT INTO "sys_dict_item" ("id", "dict_id", "item_code", "parent_code", "item_name", "seq_no", "remark", "active", "built_in", "create_user", "create_time", "update_user", "update_time") VALUES ('d5b13d39-efa2-4075-b8e1-31d64ab9e6ca', '358d66c0-caaf-4361-9633-5ddf227890de', 'TMT', null, '土库曼斯坦马纳特(Turkmenistan Manat)', null, '土库曼斯坦马纳特(Turkmenistan Manat)', true, false, null, null, null, null);
INSERT INTO "sys_dict_item" ("id", "dict_id", "item_code", "parent_code", "item_name", "seq_no", "remark", "active", "built_in", "create_user", "create_time", "update_user", "update_time") VALUES ('c7e73242-1764-46b4-ab72-9ec53d636fed', '358d66c0-caaf-4361-9633-5ddf227890de', 'TND', null, '突尼斯第纳尔(Tunisian Dinar)', null, '突尼斯第纳尔(Tunisian Dinar)', true, false, null, null, null, null);
INSERT INTO "sys_dict_item" ("id", "dict_id", "item_code", "parent_code", "item_name", "seq_no", "remark", "active", "built_in", "create_user", "create_time", "update_user", "update_time") VALUES ('3344de02-39f1-439e-a09d-07dee9ff6570', '358d66c0-caaf-4361-9633-5ddf227890de', 'TOP', null, '汤加潘加(Tongan Pa&#39;Anga)', null, '汤加潘加(Tongan Pa&#39;Anga)', true, false, null, null, null, null);
INSERT INTO "sys_dict_item" ("id", "dict_id", "item_code", "parent_code", "item_name", "seq_no", "remark", "active", "built_in", "create_user", "create_time", "update_user", "update_time") VALUES ('2e6d3576-ee1f-41fa-a825-db3c78d7e856', '358d66c0-caaf-4361-9633-5ddf227890de', 'TRY', null, '土耳其里拉(Turkish Lira)', null, '土耳其里拉(Turkish Lira)', true, false, null, null, null, null);
INSERT INTO "sys_dict_item" ("id", "dict_id", "item_code", "parent_code", "item_name", "seq_no", "remark", "active", "built_in", "create_user", "create_time", "update_user", "update_time") VALUES ('97b92308-171e-414a-b555-519777dc9f03', '358d66c0-caaf-4361-9633-5ddf227890de', 'TTD', null, '特立尼达多巴哥元(Trinidad and Tobago Dollar)', null, '特立尼达多巴哥元(Trinidad and Tobago Dollar)', true, false, null, null, null, null);
INSERT INTO "sys_dict_item" ("id", "dict_id", "item_code", "parent_code", "item_name", "seq_no", "remark", "active", "built_in", "create_user", "create_time", "update_user", "update_time") VALUES ('c8beb93f-62c1-4f6f-af87-62dc2135f13e', '358d66c0-caaf-4361-9633-5ddf227890de', 'TWD', null, '新台币(New Taiwan Dollar)', null, '新台币(New Taiwan Dollar)', true, false, null, null, null, null);
INSERT INTO "sys_dict_item" ("id", "dict_id", "item_code", "parent_code", "item_name", "seq_no", "remark", "active", "built_in", "create_user", "create_time", "update_user", "update_time") VALUES ('78b1224c-50cd-4038-bf59-d3baa475b5ec', '358d66c0-caaf-4361-9633-5ddf227890de', 'TZS', null, '坦桑尼亚先令(Tanzanian Shilling)', null, '坦桑尼亚先令(Tanzanian Shilling)', true, false, null, null, null, null);
INSERT INTO "sys_dict_item" ("id", "dict_id", "item_code", "parent_code", "item_name", "seq_no", "remark", "active", "built_in", "create_user", "create_time", "update_user", "update_time") VALUES ('36ec8d7c-9278-4ec3-ae90-643766d0fa89', '358d66c0-caaf-4361-9633-5ddf227890de', 'UAH', null, '乌克兰格里夫纳(Ukrainian Hryvnia)', null, '乌克兰格里夫纳(Ukrainian Hryvnia)', true, false, null, null, null, null);
INSERT INTO "sys_dict_item" ("id", "dict_id", "item_code", "parent_code", "item_name", "seq_no", "remark", "active", "built_in", "create_user", "create_time", "update_user", "update_time") VALUES ('aa6f7b88-e4e6-4590-991b-97b0eb356930', '358d66c0-caaf-4361-9633-5ddf227890de', 'UGX', null, '乌干达先令(Ugandan Shilling)', null, '乌干达先令(Ugandan Shilling)', true, false, null, null, null, null);
INSERT INTO "sys_dict_item" ("id", "dict_id", "item_code", "parent_code", "item_name", "seq_no", "remark", "active", "built_in", "create_user", "create_time", "update_user", "update_time") VALUES ('98013ab2-6f24-4a76-a252-c11e1fc0cb50', '358d66c0-caaf-4361-9633-5ddf227890de', 'USD', null, '美元(United States Dollar)', null, '美元(United States Dollar)', true, false, null, null, null, null);
INSERT INTO "sys_dict_item" ("id", "dict_id", "item_code", "parent_code", "item_name", "seq_no", "remark", "active", "built_in", "create_user", "create_time", "update_user", "update_time") VALUES ('d14eb122-6b1c-46aa-a741-47cb1155a071', '358d66c0-caaf-4361-9633-5ddf227890de', 'UYU', null, '乌拉圭比索(Uruguayan Peso)', null, '乌拉圭比索(Uruguayan Peso)', true, false, null, null, null, null);
INSERT INTO "sys_dict_item" ("id", "dict_id", "item_code", "parent_code", "item_name", "seq_no", "remark", "active", "built_in", "create_user", "create_time", "update_user", "update_time") VALUES ('7f7565fa-8e1f-45da-9f4e-0f7f14666110', '358d66c0-caaf-4361-9633-5ddf227890de', 'UZS', null, '乌兹别克斯坦苏姆(Uzbekistani Som)', null, '乌兹别克斯坦苏姆(Uzbekistani Som)', true, false, null, null, null, null);
INSERT INTO "sys_dict_item" ("id", "dict_id", "item_code", "parent_code", "item_name", "seq_no", "remark", "active", "built_in", "create_user", "create_time", "update_user", "update_time") VALUES ('27a3014f-be97-4081-9248-2fbd37bf3eb6', '358d66c0-caaf-4361-9633-5ddf227890de', 'VEF', null, '委内瑞拉玻利瓦尔(Venezuelan Bolivar Fuerte)', null, '委内瑞拉玻利瓦尔(Venezuelan Bolivar Fuerte)', true, false, null, null, null, null);
INSERT INTO "sys_dict_item" ("id", "dict_id", "item_code", "parent_code", "item_name", "seq_no", "remark", "active", "built_in", "create_user", "create_time", "update_user", "update_time") VALUES ('64c3c668-74fe-4af5-886f-efbb84723665', '358d66c0-caaf-4361-9633-5ddf227890de', 'VND', null, '越南盾(Viet Nam Dong)', null, '越南盾(Viet Nam Dong)', true, false, null, null, null, null);
INSERT INTO "sys_dict_item" ("id", "dict_id", "item_code", "parent_code", "item_name", "seq_no", "remark", "active", "built_in", "create_user", "create_time", "update_user", "update_time") VALUES ('aae60bbd-b8ea-4587-b9cf-c0818a5b8d6c', '358d66c0-caaf-4361-9633-5ddf227890de', 'VUV', null, '瓦努阿图瓦图(Vanuatu Vatu)', null, '瓦努阿图瓦图(Vanuatu Vatu)', true, false, null, null, null, null);
INSERT INTO "sys_dict_item" ("id", "dict_id", "item_code", "parent_code", "item_name", "seq_no", "remark", "active", "built_in", "create_user", "create_time", "update_user", "update_time") VALUES ('3961d4f6-038a-41c2-9e08-2d68364dd555', '358d66c0-caaf-4361-9633-5ddf227890de', 'WST', null, '萨摩亚塔拉(Samoa Tala)', null, '萨摩亚塔拉(Samoa Tala)', true, false, null, null, null, null);
INSERT INTO "sys_dict_item" ("id", "dict_id", "item_code", "parent_code", "item_name", "seq_no", "remark", "active", "built_in", "create_user", "create_time", "update_user", "update_time") VALUES ('4b05d88e-61d8-47a0-87a7-16c1f32ec8ac', '358d66c0-caaf-4361-9633-5ddf227890de', 'XAF', null, '中非法郎(Central African CFA Franc)', null, '中非法郎(Central African CFA Franc)', true, false, null, null, null, null);
INSERT INTO "sys_dict_item" ("id", "dict_id", "item_code", "parent_code", "item_name", "seq_no", "remark", "active", "built_in", "create_user", "create_time", "update_user", "update_time") VALUES ('c6f277fc-8606-42d5-98a6-e22d2a9d162f', '358d66c0-caaf-4361-9633-5ddf227890de', 'XAG', null, '银价盎司(Ounces of Silver)', null, '银价盎司(Ounces of Silver)', true, false, null, null, null, null);
INSERT INTO "sys_dict_item" ("id", "dict_id", "item_code", "parent_code", "item_name", "seq_no", "remark", "active", "built_in", "create_user", "create_time", "update_user", "update_time") VALUES ('4c2320cf-b4ed-475f-be9a-a11906900894', '358d66c0-caaf-4361-9633-5ddf227890de', 'XAU', null, '金价盎司(Ounces of Gold)', null, '金价盎司(Ounces of Gold)', true, false, null, null, null, null);
INSERT INTO "sys_dict_item" ("id", "dict_id", "item_code", "parent_code", "item_name", "seq_no", "remark", "active", "built_in", "create_user", "create_time", "update_user", "update_time") VALUES ('1785dc98-9535-4a4a-abbd-ed94d54da828', '358d66c0-caaf-4361-9633-5ddf227890de', 'XCD', null, '东加勒比元(East Caribbean Dollar)', null, '东加勒比元(East Caribbean Dollar)', true, false, null, null, null, null);
INSERT INTO "sys_dict_item" ("id", "dict_id", "item_code", "parent_code", "item_name", "seq_no", "remark", "active", "built_in", "create_user", "create_time", "update_user", "update_time") VALUES ('b6a39ed0-44f4-43e9-80e2-674d20fbfcd1', '358d66c0-caaf-4361-9633-5ddf227890de', 'XCP', null, '铜价盎司(Ounces of Copper)', null, '铜价盎司(Ounces of Copper)', true, false, null, null, null, null);
INSERT INTO "sys_dict_item" ("id", "dict_id", "item_code", "parent_code", "item_name", "seq_no", "remark", "active", "built_in", "create_user", "create_time", "update_user", "update_time") VALUES ('62f97038-903e-4708-8420-f6039dbe8dab', '358d66c0-caaf-4361-9633-5ddf227890de', 'XDR', null, 'IMF特别提款权(IMF Special Drawing Rights)', null, 'IMF特别提款权(IMF Special Drawing Rights)', true, false, null, null, null, null);
INSERT INTO "sys_dict_item" ("id", "dict_id", "item_code", "parent_code", "item_name", "seq_no", "remark", "active", "built_in", "create_user", "create_time", "update_user", "update_time") VALUES ('f213efd0-1fe4-4e8f-a7e8-f87a262225b7', '358d66c0-caaf-4361-9633-5ddf227890de', 'XOF', null, '西非法郎(West African CFA)', null, '西非法郎(West African CFA)', true, false, null, null, null, null);
INSERT INTO "sys_dict_item" ("id", "dict_id", "item_code", "parent_code", "item_name", "seq_no", "remark", "active", "built_in", "create_user", "create_time", "update_user", "update_time") VALUES ('ac9d8a76-c1ee-4bec-9ce5-b45e218ae83d', '358d66c0-caaf-4361-9633-5ddf227890de', 'XPD', null, '钯价盎司(Ounces of Palladium)', null, '钯价盎司(Ounces of Palladium)', true, false, null, null, null, null);
INSERT INTO "sys_dict_item" ("id", "dict_id", "item_code", "parent_code", "item_name", "seq_no", "remark", "active", "built_in", "create_user", "create_time", "update_user", "update_time") VALUES ('f3d19183-9ff5-4f14-afe8-38d13df23760', '358d66c0-caaf-4361-9633-5ddf227890de', 'XPF', null, '太平洋法郎(French Pacific Franc)', null, '太平洋法郎(French Pacific Franc)', true, false, null, null, null, null);
INSERT INTO "sys_dict_item" ("id", "dict_id", "item_code", "parent_code", "item_name", "seq_no", "remark", "active", "built_in", "create_user", "create_time", "update_user", "update_time") VALUES ('9b9ce178-b260-4dbc-a8e1-abfcd2b7bbd4', '358d66c0-caaf-4361-9633-5ddf227890de', 'XPT', null, '珀价盎司(Ounces of Platinum)', null, '珀价盎司(Ounces of Platinum)', true, false, null, null, null, null);
INSERT INTO "sys_dict_item" ("id", "dict_id", "item_code", "parent_code", "item_name", "seq_no", "remark", "active", "built_in", "create_user", "create_time", "update_user", "update_time") VALUES ('f88df943-3b45-40db-b9f6-79eddc6036f6', '358d66c0-caaf-4361-9633-5ddf227890de', 'YER', null, '也门里亚尔(Yemeni Rial)', null, '也门里亚尔(Yemeni Rial)', true, false, null, null, null, null);
INSERT INTO "sys_dict_item" ("id", "dict_id", "item_code", "parent_code", "item_name", "seq_no", "remark", "active", "built_in", "create_user", "create_time", "update_user", "update_time") VALUES ('6b694b32-19fb-45bc-a1b0-88f86054139c', '358d66c0-caaf-4361-9633-5ddf227890de', 'ZAR', null, '南非兰特(South African Rand)', null, '南非兰特(South African Rand)', true, false, null, null, null, null);
INSERT INTO "sys_dict_item" ("id", "dict_id", "item_code", "parent_code", "item_name", "seq_no", "remark", "active", "built_in", "create_user", "create_time", "update_user", "update_time") VALUES ('d59669cc-14a4-4383-887d-d9dd46dea35e', '358d66c0-caaf-4361-9633-5ddf227890de', 'ZMW', null, '赞比亚克瓦查(Zambian Kwacha)', null, '赞比亚克瓦查(Zambian Kwacha)', true, false, null, null, null, null);
INSERT INTO "sys_dict_item" ("id", "dict_id", "item_code", "parent_code", "item_name", "seq_no", "remark", "active", "built_in", "create_user", "create_time", "update_user", "update_time") VALUES ('cf2b11a2-da3d-439c-bcfe-8a858e5422a9', '358d66c0-caaf-4361-9633-5ddf227890de', 'ZWL', null, '津巴布韦元(Zimbabwean Dollar)', null, '津巴布韦元(Zimbabwean Dollar)', true, false, null, null, null, null);


INSERT INTO "sys_dict" ("id", "module", "dict_type", "dict_name", "remark", "active", "built_in", "create_user", "create_time", "update_user", "update_time") VALUES ('598ea99d-c14a-418f-a75e-978f3b296af2', 'kuark:geo', 'driving_side', '驾驶方向', '驾驶方向', true, true, null, null, null, null);
INSERT INTO "sys_dict_item" ("id", "dict_id", "item_code", "parent_code", "item_name", "seq_no", "remark", "active", "built_in", "create_user", "create_time", "update_user", "update_time") VALUES ('f92454dd-c10d-49ca-a4dd-b1170de88daa', '598ea99d-c14a-418f-a75e-978f3b296af2', 'left', null, '左', 1, '左', true, false, null, null, null, null);
INSERT INTO "sys_dict_item" ("id", "dict_id", "item_code", "parent_code", "item_name", "seq_no", "remark", "active", "built_in", "create_user", "create_time", "update_user", "update_time") VALUES ('992f8b51-4b13-4c01-b53e-08652adfdaca', '598ea99d-c14a-418f-a75e-978f3b296af2', 'right', null, '右', 2, '右', true, false, null, null, null, null);




INSERT INTO "geo_country" ("id", "parent_id", "digital_code", "letter_code", "gec_code", "name", "english_name", "full_name", "english_full_name", "domain_suffix", "flag_url", "capital", "capital_latitude", "capital_longitude", "locale_dict_code", "continent_ocean_dict_code", "currency_dict_code", "calling_code", "timezone_utc", "date_format", "founding_day", "driving_side_dict_code", "remark", "active", "built_in", "create_user", "create_time", "update_user", "update_time") VALUES ('AND', null, '20', 'AD', 'AN', '安道尔', 'Andorra', null, 'the Principality of Andorra', 'ad', null, '安道尔城', null, null, null, 'continent-EU', null, '376', null, null, null, 'right', '安道尔', true, true, null, null, null, null);
INSERT INTO "geo_country" ("id", "parent_id", "digital_code", "letter_code", "gec_code", "name", "english_name", "full_name", "english_full_name", "domain_suffix", "flag_url", "capital", "capital_latitude", "capital_longitude", "locale_dict_code", "continent_ocean_dict_code", "currency_dict_code", "calling_code", "timezone_utc", "date_format", "founding_day", "driving_side_dict_code", "remark", "active", "built_in", "create_user", "create_time", "update_user", "update_time") VALUES ('ARE', null, '784', 'AE', 'AE', '阿联酋', 'United Arab Emirates (the)', null, 'the United Arab Emirates', 'ae', null, '阿布扎比', null, null, null, 'continent-AS', 'AED', '971', null, null, null, 'right', '阿联酋', true, true, null, null, null, null);
INSERT INTO "geo_country" ("id", "parent_id", "digital_code", "letter_code", "gec_code", "name", "english_name", "full_name", "english_full_name", "domain_suffix", "flag_url", "capital", "capital_latitude", "capital_longitude", "locale_dict_code", "continent_ocean_dict_code", "currency_dict_code", "calling_code", "timezone_utc", "date_format", "founding_day", "driving_side_dict_code", "remark", "active", "built_in", "create_user", "create_time", "update_user", "update_time") VALUES ('AFG', null, '4', 'AF', 'AF', '阿富汗', 'Afghanistan', null, 'the Islamic Republic of Afghanistan', 'af', null, '喀布尔', null, null, null, 'continent-AS', null, '93', null, null, null, 'right', '阿富汗', true, true, null, null, null, null);
INSERT INTO "geo_country" ("id", "parent_id", "digital_code", "letter_code", "gec_code", "name", "english_name", "full_name", "english_full_name", "domain_suffix", "flag_url", "capital", "capital_latitude", "capital_longitude", "locale_dict_code", "continent_ocean_dict_code", "currency_dict_code", "calling_code", "timezone_utc", "date_format", "founding_day", "driving_side_dict_code", "remark", "active", "built_in", "create_user", "create_time", "update_user", "update_time") VALUES ('ATG', null, '28', 'AG', 'AC', '安提瓜和巴布达', 'Antigua and Barbuda', null, '', 'ag', null, '圣约翰', null, null, null, 'continent-NA', null, '1', null, null, null, 'left', '安提瓜和巴布达', true, true, null, null, null, null);
INSERT INTO "geo_country" ("id", "parent_id", "digital_code", "letter_code", "gec_code", "name", "english_name", "full_name", "english_full_name", "domain_suffix", "flag_url", "capital", "capital_latitude", "capital_longitude", "locale_dict_code", "continent_ocean_dict_code", "currency_dict_code", "calling_code", "timezone_utc", "date_format", "founding_day", "driving_side_dict_code", "remark", "active", "built_in", "create_user", "create_time", "update_user", "update_time") VALUES ('AIA', 'GBR', '660', 'AI', 'AV', '安圭拉', 'Anguilla', null, '', 'ai', null, null, null, null, null, null, null, '1', null, null, null, 'left', '安圭拉，东加勒比海背风群岛的北端，英国海外领土', true, true, null, null, null, null);
INSERT INTO "geo_country" ("id", "parent_id", "digital_code", "letter_code", "gec_code", "name", "english_name", "full_name", "english_full_name", "domain_suffix", "flag_url", "capital", "capital_latitude", "capital_longitude", "locale_dict_code", "continent_ocean_dict_code", "currency_dict_code", "calling_code", "timezone_utc", "date_format", "founding_day", "driving_side_dict_code", "remark", "active", "built_in", "create_user", "create_time", "update_user", "update_time") VALUES ('ALB', null, '8', 'AL', 'AL', '阿尔巴尼亚', 'Albania', null, 'the Republic of Albania', 'al', null, '地拉那', 'N41.20', 'E19.50', null, 'continent-EU', 'ALL', '355', '+1', null, null, 'right', '阿尔巴尼亚', true, true, null, null, null, null);
INSERT INTO "geo_country" ("id", "parent_id", "digital_code", "letter_code", "gec_code", "name", "english_name", "full_name", "english_full_name", "domain_suffix", "flag_url", "capital", "capital_latitude", "capital_longitude", "locale_dict_code", "continent_ocean_dict_code", "currency_dict_code", "calling_code", "timezone_utc", "date_format", "founding_day", "driving_side_dict_code", "remark", "active", "built_in", "create_user", "create_time", "update_user", "update_time") VALUES ('ARM', null, '51', 'AM', 'AM', '亚美尼亚', 'Armenia', null, 'the Republic of Armenia', 'am', null, '埃里温', null, null, null, 'continent-AS', 'AMD', '374', null, null, null, 'right', '亚美尼亚', true, true, null, null, null, null);
INSERT INTO "geo_country" ("id", "parent_id", "digital_code", "letter_code", "gec_code", "name", "english_name", "full_name", "english_full_name", "domain_suffix", "flag_url", "capital", "capital_latitude", "capital_longitude", "locale_dict_code", "continent_ocean_dict_code", "currency_dict_code", "calling_code", "timezone_utc", "date_format", "founding_day", "driving_side_dict_code", "remark", "active", "built_in", "create_user", "create_time", "update_user", "update_time") VALUES ('ANT', 'NLD', '', 'AN', 'NT', '荷属安的列斯', 'Netherlands Antilles (the)', null, '', 'an', null, '威廉斯塔德', null, null, null, null, null, null, null, null, null, 'right', '荷属安的列斯', false, true, null, null, null, null);
INSERT INTO "geo_country" ("id", "parent_id", "digital_code", "letter_code", "gec_code", "name", "english_name", "full_name", "english_full_name", "domain_suffix", "flag_url", "capital", "capital_latitude", "capital_longitude", "locale_dict_code", "continent_ocean_dict_code", "currency_dict_code", "calling_code", "timezone_utc", "date_format", "founding_day", "driving_side_dict_code", "remark", "active", "built_in", "create_user", "create_time", "update_user", "update_time") VALUES ('AGO', null, '24', 'AO', 'AO', '安哥拉', 'Angola', null, 'the Republic of Angola', 'ao', null, '罗安达', 'S9.00', 'E13.30', null, 'continent-AF', null, '244', '+1', null, null, 'right', '安哥拉', true, true, null, null, null, null);
INSERT INTO "geo_country" ("id", "parent_id", "digital_code", "letter_code", "gec_code", "name", "english_name", "full_name", "english_full_name", "domain_suffix", "flag_url", "capital", "capital_latitude", "capital_longitude", "locale_dict_code", "continent_ocean_dict_code", "currency_dict_code", "calling_code", "timezone_utc", "date_format", "founding_day", "driving_side_dict_code", "remark", "active", "built_in", "create_user", "create_time", "update_user", "update_time") VALUES ('ARG', null, '32', 'AR', 'AR', '阿根廷', 'Argentina', null, 'the Argentine Republic', 'ar', null, '布宜诺斯艾利斯', 'S34.36', 'W58.27', 'es-AR', 'continent-SA', 'ARS', '54', '-3', null, null, 'right', '阿根廷', true, true, null, null, null, null);
INSERT INTO "geo_country" ("id", "parent_id", "digital_code", "letter_code", "gec_code", "name", "english_name", "full_name", "english_full_name", "domain_suffix", "flag_url", "capital", "capital_latitude", "capital_longitude", "locale_dict_code", "continent_ocean_dict_code", "currency_dict_code", "calling_code", "timezone_utc", "date_format", "founding_day", "driving_side_dict_code", "remark", "active", "built_in", "create_user", "create_time", "update_user", "update_time") VALUES ('ASM', 'USA', '16', 'AS', 'AQ', '美属萨摩亚', 'American Samoa', null, '', 'as', null, '帕果帕果', null, null, null, null, null, '1', null, null, null, 'right', '美属萨摩亚，又称东萨摩亚', true, true, null, null, null, null);
INSERT INTO "geo_country" ("id", "parent_id", "digital_code", "letter_code", "gec_code", "name", "english_name", "full_name", "english_full_name", "domain_suffix", "flag_url", "capital", "capital_latitude", "capital_longitude", "locale_dict_code", "continent_ocean_dict_code", "currency_dict_code", "calling_code", "timezone_utc", "date_format", "founding_day", "driving_side_dict_code", "remark", "active", "built_in", "create_user", "create_time", "update_user", "update_time") VALUES ('AUT', null, '40', 'AT', 'AU', '奥地利', 'Austria', null, 'the Republic of Austria', 'at', null, '维也纳', 'N48.13', 'E16.20', 'de-AT', 'continent-EU', null, '43', '+1', null, null, 'right', '奥地利', true, true, null, null, null, null);
INSERT INTO "geo_country" ("id", "parent_id", "digital_code", "letter_code", "gec_code", "name", "english_name", "full_name", "english_full_name", "domain_suffix", "flag_url", "capital", "capital_latitude", "capital_longitude", "locale_dict_code", "continent_ocean_dict_code", "currency_dict_code", "calling_code", "timezone_utc", "date_format", "founding_day", "driving_side_dict_code", "remark", "active", "built_in", "create_user", "create_time", "update_user", "update_time") VALUES ('AUS', null, '36', 'AU', 'AS', '澳大利亚', 'Australia', null, '', 'au', null, '堪培拉', 'S35.17', 'E149.08', 'en-AU', 'continent-OC', 'AUD', '61', '+10', null, null, 'left', '澳大利亚', true, true, null, null, null, null);
INSERT INTO "geo_country" ("id", "parent_id", "digital_code", "letter_code", "gec_code", "name", "english_name", "full_name", "english_full_name", "domain_suffix", "flag_url", "capital", "capital_latitude", "capital_longitude", "locale_dict_code", "continent_ocean_dict_code", "currency_dict_code", "calling_code", "timezone_utc", "date_format", "founding_day", "driving_side_dict_code", "remark", "active", "built_in", "create_user", "create_time", "update_user", "update_time") VALUES ('ABW', null, '533', 'AW', 'AA', '阿鲁巴', 'Aruba', null, '', 'aw', null, '奥拉涅斯塔德', null, null, null, null, 'AWG', '297', null, null, null, 'right', '阿鲁巴', true, true, null, null, null, null);
INSERT INTO "geo_country" ("id", "parent_id", "digital_code", "letter_code", "gec_code", "name", "english_name", "full_name", "english_full_name", "domain_suffix", "flag_url", "capital", "capital_latitude", "capital_longitude", "locale_dict_code", "continent_ocean_dict_code", "currency_dict_code", "calling_code", "timezone_utc", "date_format", "founding_day", "driving_side_dict_code", "remark", "active", "built_in", "create_user", "create_time", "update_user", "update_time") VALUES ('AZE', null, '31', 'AZ', 'AJ', '阿塞拜疆', 'Azerbaijan', null, 'the Republic of Azerbaijan', 'az', null, '巴库', null, null, null, 'continent-AS', null, '994', null, null, null, 'right', '阿塞拜疆', true, true, null, null, null, null);
INSERT INTO "geo_country" ("id", "parent_id", "digital_code", "letter_code", "gec_code", "name", "english_name", "full_name", "english_full_name", "domain_suffix", "flag_url", "capital", "capital_latitude", "capital_longitude", "locale_dict_code", "continent_ocean_dict_code", "currency_dict_code", "calling_code", "timezone_utc", "date_format", "founding_day", "driving_side_dict_code", "remark", "active", "built_in", "create_user", "create_time", "update_user", "update_time") VALUES ('BIH', null, '70', 'BA', 'BK', '波斯尼亚和黑塞哥维那', 'Bosnia and Herzegovina', null, '', 'ba', null, '萨拉热窝', null, null, null, 'continent-EU', null, '387', null, null, null, 'right', '波斯尼亚和黑塞哥维那', true, true, null, null, null, null);
INSERT INTO "geo_country" ("id", "parent_id", "digital_code", "letter_code", "gec_code", "name", "english_name", "full_name", "english_full_name", "domain_suffix", "flag_url", "capital", "capital_latitude", "capital_longitude", "locale_dict_code", "continent_ocean_dict_code", "currency_dict_code", "calling_code", "timezone_utc", "date_format", "founding_day", "driving_side_dict_code", "remark", "active", "built_in", "create_user", "create_time", "update_user", "update_time") VALUES ('BRB', null, '52', 'BB', 'BB', '巴巴多斯', 'Barbados', null, '', 'bb', null, '布里奇顿', null, null, null, 'continent-NA', 'BBD', '1', null, null, null, 'left', '巴巴多斯', true, true, null, null, null, null);
INSERT INTO "geo_country" ("id", "parent_id", "digital_code", "letter_code", "gec_code", "name", "english_name", "full_name", "english_full_name", "domain_suffix", "flag_url", "capital", "capital_latitude", "capital_longitude", "locale_dict_code", "continent_ocean_dict_code", "currency_dict_code", "calling_code", "timezone_utc", "date_format", "founding_day", "driving_side_dict_code", "remark", "active", "built_in", "create_user", "create_time", "update_user", "update_time") VALUES ('BGD', null, '50', 'BD', 'BG', '孟加拉国', 'Bangladesh', null, 'the People''s Republic of Bangladesh', 'bd', null, '达卡', null, null, null, 'continent-AS', 'BDT', '880', null, null, null, 'left', '孟加拉国', true, true, null, null, null, null);
INSERT INTO "geo_country" ("id", "parent_id", "digital_code", "letter_code", "gec_code", "name", "english_name", "full_name", "english_full_name", "domain_suffix", "flag_url", "capital", "capital_latitude", "capital_longitude", "locale_dict_code", "continent_ocean_dict_code", "currency_dict_code", "calling_code", "timezone_utc", "date_format", "founding_day", "driving_side_dict_code", "remark", "active", "built_in", "create_user", "create_time", "update_user", "update_time") VALUES ('BEL', null, '56', 'BE', 'BE', '比利时', 'Belgium', null, 'the Kingdom of Belgium', 'be', null, '布鲁塞尔', 'N50.50', 'E4.20', 'nl-be', 'continent-EU', null, '32', '+1', null, null, 'right', '比利时', true, true, null, null, null, null);
INSERT INTO "geo_country" ("id", "parent_id", "digital_code", "letter_code", "gec_code", "name", "english_name", "full_name", "english_full_name", "domain_suffix", "flag_url", "capital", "capital_latitude", "capital_longitude", "locale_dict_code", "continent_ocean_dict_code", "currency_dict_code", "calling_code", "timezone_utc", "date_format", "founding_day", "driving_side_dict_code", "remark", "active", "built_in", "create_user", "create_time", "update_user", "update_time") VALUES ('BFA', null, '854', 'BF', 'UV', '布基纳法索', 'Burkina Faso', null, 'Burkina Faso', 'bf', null, '瓦加杜古', null, null, null, 'continent-AF', null, '226', null, null, null, 'right', '布基纳法索', true, true, null, null, null, null);
INSERT INTO "geo_country" ("id", "parent_id", "digital_code", "letter_code", "gec_code", "name", "english_name", "full_name", "english_full_name", "domain_suffix", "flag_url", "capital", "capital_latitude", "capital_longitude", "locale_dict_code", "continent_ocean_dict_code", "currency_dict_code", "calling_code", "timezone_utc", "date_format", "founding_day", "driving_side_dict_code", "remark", "active", "built_in", "create_user", "create_time", "update_user", "update_time") VALUES ('BGR', null, '100', 'BG', 'BU', '保加利亚', 'Bulgaria', null, 'the Republic of Bulgaria', 'bg', null, '索非亚', 'N42.41', 'E23.19', 'bg', 'continent-EU', null, '359', '+2', null, null, 'right', '保加利亚', true, true, null, null, null, null);
INSERT INTO "geo_country" ("id", "parent_id", "digital_code", "letter_code", "gec_code", "name", "english_name", "full_name", "english_full_name", "domain_suffix", "flag_url", "capital", "capital_latitude", "capital_longitude", "locale_dict_code", "continent_ocean_dict_code", "currency_dict_code", "calling_code", "timezone_utc", "date_format", "founding_day", "driving_side_dict_code", "remark", "active", "built_in", "create_user", "create_time", "update_user", "update_time") VALUES ('BHR', null, '48', 'BH', 'BA', '巴林', 'Bahrain', null, 'the Kingdom of Bahrain', 'bh', null, '麦纳麦', null, null, 'ar-BH', 'continent-AS', 'BHD', '973', null, null, null, 'right', '巴林', true, true, null, null, null, null);
INSERT INTO "geo_country" ("id", "parent_id", "digital_code", "letter_code", "gec_code", "name", "english_name", "full_name", "english_full_name", "domain_suffix", "flag_url", "capital", "capital_latitude", "capital_longitude", "locale_dict_code", "continent_ocean_dict_code", "currency_dict_code", "calling_code", "timezone_utc", "date_format", "founding_day", "driving_side_dict_code", "remark", "active", "built_in", "create_user", "create_time", "update_user", "update_time") VALUES ('BDI', null, '108', 'BI', 'BY', '布隆迪', 'Burundi', null, 'the Republic of Burundi', 'bi', null, '布琼布拉', null, null, null, 'continent-AF', 'BIF', '257', null, null, null, 'right', '布隆迪', true, true, null, null, null, null);
INSERT INTO "geo_country" ("id", "parent_id", "digital_code", "letter_code", "gec_code", "name", "english_name", "full_name", "english_full_name", "domain_suffix", "flag_url", "capital", "capital_latitude", "capital_longitude", "locale_dict_code", "continent_ocean_dict_code", "currency_dict_code", "calling_code", "timezone_utc", "date_format", "founding_day", "driving_side_dict_code", "remark", "active", "built_in", "create_user", "create_time", "update_user", "update_time") VALUES ('BEN', null, '204', 'BJ', 'BN', '贝宁', 'Benin', '贝宁共和国', 'the Republic of Benin', 'bj', null, '波多诺伏', null, null, null, 'continent-AF', null, '229', null, null, null, 'right', '贝宁', true, true, null, null, null, null);
INSERT INTO "geo_country" ("id", "parent_id", "digital_code", "letter_code", "gec_code", "name", "english_name", "full_name", "english_full_name", "domain_suffix", "flag_url", "capital", "capital_latitude", "capital_longitude", "locale_dict_code", "continent_ocean_dict_code", "currency_dict_code", "calling_code", "timezone_utc", "date_format", "founding_day", "driving_side_dict_code", "remark", "active", "built_in", "create_user", "create_time", "update_user", "update_time") VALUES ('BLM', 'FRA', '652', 'BL', 'TB', '圣巴泰勒米岛', null, null, null, 'bl', null, null, null, null, null, null, null, null, null, null, null, 'right', '圣巴泰勒米岛，加勒比海中小安地列斯群岛的岛屿，法国的海外省', true, true, null, null, null, null);
INSERT INTO "geo_country" ("id", "parent_id", "digital_code", "letter_code", "gec_code", "name", "english_name", "full_name", "english_full_name", "domain_suffix", "flag_url", "capital", "capital_latitude", "capital_longitude", "locale_dict_code", "continent_ocean_dict_code", "currency_dict_code", "calling_code", "timezone_utc", "date_format", "founding_day", "driving_side_dict_code", "remark", "active", "built_in", "create_user", "create_time", "update_user", "update_time") VALUES ('BMU', null, '60', 'BM', 'BD', '百慕大', 'Bermuda', null, '', 'bm', null, '汉密尔顿', null, null, null, null, 'BMD', '1', null, null, null, 'right', '百慕大', true, true, null, null, null, null);
INSERT INTO "geo_country" ("id", "parent_id", "digital_code", "letter_code", "gec_code", "name", "english_name", "full_name", "english_full_name", "domain_suffix", "flag_url", "capital", "capital_latitude", "capital_longitude", "locale_dict_code", "continent_ocean_dict_code", "currency_dict_code", "calling_code", "timezone_utc", "date_format", "founding_day", "driving_side_dict_code", "remark", "active", "built_in", "create_user", "create_time", "update_user", "update_time") VALUES ('BRN', null, '96', 'BN', 'BX', '文莱', 'Brunei Darussalam', null, '', 'bn', null, '斯里巴加湾市', null, null, null, 'continent-AS', 'BND', '673', null, null, '1984-01-01', 'left', '文莱', true, true, null, null, null, null);
INSERT INTO "geo_country" ("id", "parent_id", "digital_code", "letter_code", "gec_code", "name", "english_name", "full_name", "english_full_name", "domain_suffix", "flag_url", "capital", "capital_latitude", "capital_longitude", "locale_dict_code", "continent_ocean_dict_code", "currency_dict_code", "calling_code", "timezone_utc", "date_format", "founding_day", "driving_side_dict_code", "remark", "active", "built_in", "create_user", "create_time", "update_user", "update_time") VALUES ('BOL', null, '68', 'BO', 'BL', '玻利维亚', 'Bolivia', null, 'the Republic of Bolivia', 'bo', null, '拉巴斯', 'S19.02', 'W65.17', 'es-BO', 'continent-SA', 'BOB', '591', '-4', null, null, 'right', '玻利维亚', true, true, null, null, null, null);
INSERT INTO "geo_country" ("id", "parent_id", "digital_code", "letter_code", "gec_code", "name", "english_name", "full_name", "english_full_name", "domain_suffix", "flag_url", "capital", "capital_latitude", "capital_longitude", "locale_dict_code", "continent_ocean_dict_code", "currency_dict_code", "calling_code", "timezone_utc", "date_format", "founding_day", "driving_side_dict_code", "remark", "active", "built_in", "create_user", "create_time", "update_user", "update_time") VALUES ('BRA', null, '76', 'BR', 'BR', '巴西', 'Brazil', null, 'the Federative Republic of Brazil', 'br', null, '巴西利亚', 'S15.47', 'W47.55', 'pt-BR', 'continent-SA', null, '55', '-3', null, null, 'right', '巴西', true, true, null, null, null, null);
INSERT INTO "geo_country" ("id", "parent_id", "digital_code", "letter_code", "gec_code", "name", "english_name", "full_name", "english_full_name", "domain_suffix", "flag_url", "capital", "capital_latitude", "capital_longitude", "locale_dict_code", "continent_ocean_dict_code", "currency_dict_code", "calling_code", "timezone_utc", "date_format", "founding_day", "driving_side_dict_code", "remark", "active", "built_in", "create_user", "create_time", "update_user", "update_time") VALUES ('BHS', null, '44', 'BS', 'BF', '巴哈马', 'Bahamas (The)', null, 'the Commonwealth of The Bahamas', 'bs', null, '拿骚', 'N25.05', 'W77.21', null, 'continent-NA', 'BSD', '1', '-5', null, null, 'left', '巴哈马', true, true, null, null, null, null);
INSERT INTO "geo_country" ("id", "parent_id", "digital_code", "letter_code", "gec_code", "name", "english_name", "full_name", "english_full_name", "domain_suffix", "flag_url", "capital", "capital_latitude", "capital_longitude", "locale_dict_code", "continent_ocean_dict_code", "currency_dict_code", "calling_code", "timezone_utc", "date_format", "founding_day", "driving_side_dict_code", "remark", "active", "built_in", "create_user", "create_time", "update_user", "update_time") VALUES ('BTN', null, '64', 'BT', 'BT', '不丹', 'Bhutan', null, 'the Kingdom of Bhutan', 'bt', null, '廷布', null, null, null, 'continent-AS', 'BTN', '975', null, null, null, 'left', '不丹', true, true, null, null, null, null);
INSERT INTO "geo_country" ("id", "parent_id", "digital_code", "letter_code", "gec_code", "name", "english_name", "full_name", "english_full_name", "domain_suffix", "flag_url", "capital", "capital_latitude", "capital_longitude", "locale_dict_code", "continent_ocean_dict_code", "currency_dict_code", "calling_code", "timezone_utc", "date_format", "founding_day", "driving_side_dict_code", "remark", "active", "built_in", "create_user", "create_time", "update_user", "update_time") VALUES ('BVT', 'NOR', '74', 'BV', 'BV', '布韦岛', 'Bouvet Island', null, '', 'bv', null, null, null, null, null, null, null, null, null, null, null, 'right', '布韦岛，南大西洋的一个孤立火山岛，属挪威南极领地', true, true, null, null, null, null);
INSERT INTO "geo_country" ("id", "parent_id", "digital_code", "letter_code", "gec_code", "name", "english_name", "full_name", "english_full_name", "domain_suffix", "flag_url", "capital", "capital_latitude", "capital_longitude", "locale_dict_code", "continent_ocean_dict_code", "currency_dict_code", "calling_code", "timezone_utc", "date_format", "founding_day", "driving_side_dict_code", "remark", "active", "built_in", "create_user", "create_time", "update_user", "update_time") VALUES ('BWA', null, '72', 'BW', 'BC', '博茨瓦纳', 'Botswana', null, 'the Republic of Botswana', 'bw', null, '哈博罗内', null, null, null, 'continent-AF', 'BWP', '267', null, null, null, 'left', '博茨瓦纳', true, true, null, null, null, null);
INSERT INTO "geo_country" ("id", "parent_id", "digital_code", "letter_code", "gec_code", "name", "english_name", "full_name", "english_full_name", "domain_suffix", "flag_url", "capital", "capital_latitude", "capital_longitude", "locale_dict_code", "continent_ocean_dict_code", "currency_dict_code", "calling_code", "timezone_utc", "date_format", "founding_day", "driving_side_dict_code", "remark", "active", "built_in", "create_user", "create_time", "update_user", "update_time") VALUES ('BLR', null, '112', 'BY', 'BO', '白俄罗斯', 'Belarus', null, 'the Republic of Belarus', 'by', null, '明斯克', 'N53.54', 'E27.34', null, 'continent-EU', null, '375', '+3', null, null, 'right', '白俄罗斯', true, true, null, null, null, null);
INSERT INTO "geo_country" ("id", "parent_id", "digital_code", "letter_code", "gec_code", "name", "english_name", "full_name", "english_full_name", "domain_suffix", "flag_url", "capital", "capital_latitude", "capital_longitude", "locale_dict_code", "continent_ocean_dict_code", "currency_dict_code", "calling_code", "timezone_utc", "date_format", "founding_day", "driving_side_dict_code", "remark", "active", "built_in", "create_user", "create_time", "update_user", "update_time") VALUES ('BLZ', null, '84', 'BZ', 'BH', '伯利兹', 'Belize', null, '', 'bz', null, '贝尔莫潘', 'N17.15', 'W88.47', 'en-BZ', 'continent-NA', 'BZD', '501', '-6', null, null, 'right', '伯利兹', true, true, null, null, null, null);
INSERT INTO "geo_country" ("id", "parent_id", "digital_code", "letter_code", "gec_code", "name", "english_name", "full_name", "english_full_name", "domain_suffix", "flag_url", "capital", "capital_latitude", "capital_longitude", "locale_dict_code", "continent_ocean_dict_code", "currency_dict_code", "calling_code", "timezone_utc", "date_format", "founding_day", "driving_side_dict_code", "remark", "active", "built_in", "create_user", "create_time", "update_user", "update_time") VALUES ('CAN', null, '124', 'CA', 'CA', '加拿大', 'Canada', null, '', 'ca', null, '渥太华', 'N45.25', 'W75.42', 'fr-CA', 'continent-NA', 'CAD', '1', '-5', null, null, 'right', '加拿大', true, true, null, null, null, null);
INSERT INTO "geo_country" ("id", "parent_id", "digital_code", "letter_code", "gec_code", "name", "english_name", "full_name", "english_full_name", "domain_suffix", "flag_url", "capital", "capital_latitude", "capital_longitude", "locale_dict_code", "continent_ocean_dict_code", "currency_dict_code", "calling_code", "timezone_utc", "date_format", "founding_day", "driving_side_dict_code", "remark", "active", "built_in", "create_user", "create_time", "update_user", "update_time") VALUES ('CCK', 'AUS', '166', 'CC', 'CK', '科科斯（基林）群岛', 'Cocos (Keeling) Islands (the)', null, '', 'cc', null, null, null, null, null, null, null, null, null, null, null, 'right', '科科斯（基林）群岛，澳大利亚在印度洋上的海外领地', true, true, null, null, null, null);
INSERT INTO "geo_country" ("id", "parent_id", "digital_code", "letter_code", "gec_code", "name", "english_name", "full_name", "english_full_name", "domain_suffix", "flag_url", "capital", "capital_latitude", "capital_longitude", "locale_dict_code", "continent_ocean_dict_code", "currency_dict_code", "calling_code", "timezone_utc", "date_format", "founding_day", "driving_side_dict_code", "remark", "active", "built_in", "create_user", "create_time", "update_user", "update_time") VALUES ('COD', null, '180', 'CD', 'CG', '刚果（金）', 'Congo (the Democratic Republic of the)', '刚果民主共和国', 'the Democratic Republic of the Congo', 'cd', null, '金沙萨', 'S4.18', 'E15.18', null, 'continent-AS', null, '242', '+1', null, null, 'right', '刚果（金）', true, true, null, null, null, null);
INSERT INTO "geo_country" ("id", "parent_id", "digital_code", "letter_code", "gec_code", "name", "english_name", "full_name", "english_full_name", "domain_suffix", "flag_url", "capital", "capital_latitude", "capital_longitude", "locale_dict_code", "continent_ocean_dict_code", "currency_dict_code", "calling_code", "timezone_utc", "date_format", "founding_day", "driving_side_dict_code", "remark", "active", "built_in", "create_user", "create_time", "update_user", "update_time") VALUES ('CAF', null, '140', 'CF', 'CT', '中非', 'Central African Republic (the)', null, 'the Central African Republic', 'cf', null, '班吉', 'N4.22', 'E18.35', null, 'continent-AF', null, '236', '+1', null, null, 'right', '中非', true, true, null, null, null, null);
INSERT INTO "geo_country" ("id", "parent_id", "digital_code", "letter_code", "gec_code", "name", "english_name", "full_name", "english_full_name", "domain_suffix", "flag_url", "capital", "capital_latitude", "capital_longitude", "locale_dict_code", "continent_ocean_dict_code", "currency_dict_code", "calling_code", "timezone_utc", "date_format", "founding_day", "driving_side_dict_code", "remark", "active", "built_in", "create_user", "create_time", "update_user", "update_time") VALUES ('COG', null, '178', 'CG', 'CF', '刚果（布）', 'Congo', '刚果共和国', 'the Republic of the Congo', 'cg', null, '布拉柴维尔', 'S4.16', 'E15.17', null, 'continent-AS', null, null, '+1', null, null, 'right', '刚果（布）', true, true, null, null, null, null);
INSERT INTO "geo_country" ("id", "parent_id", "digital_code", "letter_code", "gec_code", "name", "english_name", "full_name", "english_full_name", "domain_suffix", "flag_url", "capital", "capital_latitude", "capital_longitude", "locale_dict_code", "continent_ocean_dict_code", "currency_dict_code", "calling_code", "timezone_utc", "date_format", "founding_day", "driving_side_dict_code", "remark", "active", "built_in", "create_user", "create_time", "update_user", "update_time") VALUES ('CHE', null, '756', 'CH', 'SZ', '瑞士', 'Switzerland', null, 'the Swiss Confederation', 'ch', null, '伯尔尼', 'N46.12', 'E6.09', 'it-CH', 'continent-EU', 'CHF', '41', '+1', null, null, 'right', '瑞士', true, true, null, null, null, null);
INSERT INTO "geo_country" ("id", "parent_id", "digital_code", "letter_code", "gec_code", "name", "english_name", "full_name", "english_full_name", "domain_suffix", "flag_url", "capital", "capital_latitude", "capital_longitude", "locale_dict_code", "continent_ocean_dict_code", "currency_dict_code", "calling_code", "timezone_utc", "date_format", "founding_day", "driving_side_dict_code", "remark", "active", "built_in", "create_user", "create_time", "update_user", "update_time") VALUES ('CIV', null, '384', 'CI', 'IV', '科特迪瓦', 'Côte d''Ivoire', null, 'the Republic of Côte d''Ivoire', 'ci', null, '亚穆苏克罗', 'N6.49', 'W5.17', null, 'continent-AF', null, null, '0', null, null, 'right', '科特迪瓦', true, true, null, null, null, null);
INSERT INTO "geo_country" ("id", "parent_id", "digital_code", "letter_code", "gec_code", "name", "english_name", "full_name", "english_full_name", "domain_suffix", "flag_url", "capital", "capital_latitude", "capital_longitude", "locale_dict_code", "continent_ocean_dict_code", "currency_dict_code", "calling_code", "timezone_utc", "date_format", "founding_day", "driving_side_dict_code", "remark", "active", "built_in", "create_user", "create_time", "update_user", "update_time") VALUES ('COK', null, '184', 'CK', 'CW', '库克群岛', 'Cook Islands (the)', null, '', 'ck', null, '阿瓦鲁阿', null, null, null, null, null, '682', null, null, null, 'left', '库克群岛', true, true, null, null, null, null);
INSERT INTO "geo_country" ("id", "parent_id", "digital_code", "letter_code", "gec_code", "name", "english_name", "full_name", "english_full_name", "domain_suffix", "flag_url", "capital", "capital_latitude", "capital_longitude", "locale_dict_code", "continent_ocean_dict_code", "currency_dict_code", "calling_code", "timezone_utc", "date_format", "founding_day", "driving_side_dict_code", "remark", "active", "built_in", "create_user", "create_time", "update_user", "update_time") VALUES ('CHL', null, '152', 'CL', 'CI', '智利', 'Chile', null, 'the Republic of Chile', 'cl', null, '圣地亚哥', 'S33.27', 'W70.40', 'es-CL', 'continent-SA', 'CLP', '56', '-4', null, null, 'right', '智利', true, true, null, null, null, null);
INSERT INTO "geo_country" ("id", "parent_id", "digital_code", "letter_code", "gec_code", "name", "english_name", "full_name", "english_full_name", "domain_suffix", "flag_url", "capital", "capital_latitude", "capital_longitude", "locale_dict_code", "continent_ocean_dict_code", "currency_dict_code", "calling_code", "timezone_utc", "date_format", "founding_day", "driving_side_dict_code", "remark", "active", "built_in", "create_user", "create_time", "update_user", "update_time") VALUES ('CMR', null, '120', 'CM', 'CM', '喀麦隆', 'Cameroon', null, 'the Republic of Cameroon', 'cm', null, '雅温得', 'N3.52', 'E11.31', null, 'continent-AF', null, '237', '+1', null, null, 'right', '喀麦隆', true, true, null, null, null, null);
INSERT INTO "geo_country" ("id", "parent_id", "digital_code", "letter_code", "gec_code", "name", "english_name", "full_name", "english_full_name", "domain_suffix", "flag_url", "capital", "capital_latitude", "capital_longitude", "locale_dict_code", "continent_ocean_dict_code", "currency_dict_code", "calling_code", "timezone_utc", "date_format", "founding_day", "driving_side_dict_code", "remark", "active", "built_in", "create_user", "create_time", "update_user", "update_time") VALUES ('CHN', null, '156', 'CN', 'CH', '中国', 'China', '中华人民共和国', 'the People''s Republic of China', 'cn', null, '北京', null, null, 'zh-CN', 'continent-AS', 'CNY', '86', '+8', 'yyyy-mm-dd', '1949-10-01', 'right', '中国', true, true, null, null, null, null);
INSERT INTO "geo_country" ("id", "parent_id", "digital_code", "letter_code", "gec_code", "name", "english_name", "full_name", "english_full_name", "domain_suffix", "flag_url", "capital", "capital_latitude", "capital_longitude", "locale_dict_code", "continent_ocean_dict_code", "currency_dict_code", "calling_code", "timezone_utc", "date_format", "founding_day", "driving_side_dict_code", "remark", "active", "built_in", "create_user", "create_time", "update_user", "update_time") VALUES ('COL', null, '170', 'CO', 'CO', '哥伦比亚', 'Colombia', null, 'the Republic of Colombia', 'co', null, '圣菲波哥大', 'N4.36', 'W74.05', 'es-CO', 'continent-SA', 'COP', '57', '-5', null, null, 'right', '哥伦比亚', true, true, null, null, null, null);
INSERT INTO "geo_country" ("id", "parent_id", "digital_code", "letter_code", "gec_code", "name", "english_name", "full_name", "english_full_name", "domain_suffix", "flag_url", "capital", "capital_latitude", "capital_longitude", "locale_dict_code", "continent_ocean_dict_code", "currency_dict_code", "calling_code", "timezone_utc", "date_format", "founding_day", "driving_side_dict_code", "remark", "active", "built_in", "create_user", "create_time", "update_user", "update_time") VALUES ('CRI', null, '188', 'CR', 'CS', '哥斯达黎加', 'Costa Rica', null, 'the Republic of Costa Rica', 'cr', null, '圣何塞', 'N9.56', 'W84.05', 'es-CR', 'continent-NA', 'CRC', '506', '-5', null, null, 'right', '哥斯达黎加', true, true, null, null, null, null);
INSERT INTO "geo_country" ("id", "parent_id", "digital_code", "letter_code", "gec_code", "name", "english_name", "full_name", "english_full_name", "domain_suffix", "flag_url", "capital", "capital_latitude", "capital_longitude", "locale_dict_code", "continent_ocean_dict_code", "currency_dict_code", "calling_code", "timezone_utc", "date_format", "founding_day", "driving_side_dict_code", "remark", "active", "built_in", "create_user", "create_time", "update_user", "update_time") VALUES ('CUB', null, '192', 'CU', 'CU', '古巴', 'Cuba', null, 'the Republic of Cuba', 'cu', null, '哈瓦那', 'N23.08', 'W82.22', null, 'continent-NA', 'CUP', '53', '-5', null, null, 'right', '古巴', true, true, null, null, null, null);
INSERT INTO "geo_country" ("id", "parent_id", "digital_code", "letter_code", "gec_code", "name", "english_name", "full_name", "english_full_name", "domain_suffix", "flag_url", "capital", "capital_latitude", "capital_longitude", "locale_dict_code", "continent_ocean_dict_code", "currency_dict_code", "calling_code", "timezone_utc", "date_format", "founding_day", "driving_side_dict_code", "remark", "active", "built_in", "create_user", "create_time", "update_user", "update_time") VALUES ('CPV', null, '132', 'CV', 'CV', '佛得角', 'Cape Verde', null, 'the Republic of Cape Verde', 'cv', null, '普拉亚', null, null, null, 'continent-AF', 'CVE', '238', null, null, null, 'right', '佛得角', true, true, null, null, null, null);
INSERT INTO "geo_country" ("id", "parent_id", "digital_code", "letter_code", "gec_code", "name", "english_name", "full_name", "english_full_name", "domain_suffix", "flag_url", "capital", "capital_latitude", "capital_longitude", "locale_dict_code", "continent_ocean_dict_code", "currency_dict_code", "calling_code", "timezone_utc", "date_format", "founding_day", "driving_side_dict_code", "remark", "active", "built_in", "create_user", "create_time", "update_user", "update_time") VALUES ('CUW', 'NLD', '531', 'CW', 'UC', '库拉索', null, null, null, 'cw', null, null, null, null, null, null, null, null, null, null, null, 'right', '库拉索，位于加勒比海南部，靠近委内瑞拉海岸的岛，荷兰管理', true, true, null, null, null, null);
INSERT INTO "geo_country" ("id", "parent_id", "digital_code", "letter_code", "gec_code", "name", "english_name", "full_name", "english_full_name", "domain_suffix", "flag_url", "capital", "capital_latitude", "capital_longitude", "locale_dict_code", "continent_ocean_dict_code", "currency_dict_code", "calling_code", "timezone_utc", "date_format", "founding_day", "driving_side_dict_code", "remark", "active", "built_in", "create_user", "create_time", "update_user", "update_time") VALUES ('CXR', 'AUS', '162', 'CX', 'KT', '圣诞岛', 'Christmas Island', null, '', 'cx', null, null, null, null, null, null, null, null, null, null, null, 'left', '圣诞岛，位于澳大利亚西北印度洋上，靠近爪哇岛，属于澳大利亚海外领地', true, true, null, null, null, null);
INSERT INTO "geo_country" ("id", "parent_id", "digital_code", "letter_code", "gec_code", "name", "english_name", "full_name", "english_full_name", "domain_suffix", "flag_url", "capital", "capital_latitude", "capital_longitude", "locale_dict_code", "continent_ocean_dict_code", "currency_dict_code", "calling_code", "timezone_utc", "date_format", "founding_day", "driving_side_dict_code", "remark", "active", "built_in", "create_user", "create_time", "update_user", "update_time") VALUES ('CYP', null, '196', 'CY', 'CY', '塞浦路斯', 'Cyprus', null, 'the Republic of Cyprus', 'cy', null, '尼科西亚', null, null, null, 'continent-EU', 'CYP', '357', null, null, null, 'left', '塞浦路斯', true, true, null, null, null, null);
INSERT INTO "geo_country" ("id", "parent_id", "digital_code", "letter_code", "gec_code", "name", "english_name", "full_name", "english_full_name", "domain_suffix", "flag_url", "capital", "capital_latitude", "capital_longitude", "locale_dict_code", "continent_ocean_dict_code", "currency_dict_code", "calling_code", "timezone_utc", "date_format", "founding_day", "driving_side_dict_code", "remark", "active", "built_in", "create_user", "create_time", "update_user", "update_time") VALUES ('CZE', null, '203', 'CZ', 'EZ', '捷克', 'Czech Republic (the)', '捷克共和国', 'the Czech Republic', 'cz', null, '布拉格', 'N50.05', 'E14.26', 'cs', 'continent-EU', 'CZK', '420', '+1', null, null, 'right', '捷克', true, true, null, null, null, null);
INSERT INTO "geo_country" ("id", "parent_id", "digital_code", "letter_code", "gec_code", "name", "english_name", "full_name", "english_full_name", "domain_suffix", "flag_url", "capital", "capital_latitude", "capital_longitude", "locale_dict_code", "continent_ocean_dict_code", "currency_dict_code", "calling_code", "timezone_utc", "date_format", "founding_day", "driving_side_dict_code", "remark", "active", "built_in", "create_user", "create_time", "update_user", "update_time") VALUES ('DEU', null, '276', 'DE', 'GM', '德国', 'Germany', null, 'he Federal Republic of Germany', 'de', null, '柏林', 'N52.30', 'E13.25', 'de', 'continent-EU', null, '49', '+1', null, '1990-10-03', 'right', '德国', true, true, null, null, null, null);
INSERT INTO "geo_country" ("id", "parent_id", "digital_code", "letter_code", "gec_code", "name", "english_name", "full_name", "english_full_name", "domain_suffix", "flag_url", "capital", "capital_latitude", "capital_longitude", "locale_dict_code", "continent_ocean_dict_code", "currency_dict_code", "calling_code", "timezone_utc", "date_format", "founding_day", "driving_side_dict_code", "remark", "active", "built_in", "create_user", "create_time", "update_user", "update_time") VALUES ('DJI', null, '262', 'DJ', 'DJ', '吉布提', 'Djibouti', null, 'the Republic of Djibouti', 'dj', null, '吉布提市', null, null, null, 'continent-AF', 'DJF', '253', null, null, null, 'right', '吉布提', true, true, null, null, null, null);
INSERT INTO "geo_country" ("id", "parent_id", "digital_code", "letter_code", "gec_code", "name", "english_name", "full_name", "english_full_name", "domain_suffix", "flag_url", "capital", "capital_latitude", "capital_longitude", "locale_dict_code", "continent_ocean_dict_code", "currency_dict_code", "calling_code", "timezone_utc", "date_format", "founding_day", "driving_side_dict_code", "remark", "active", "built_in", "create_user", "create_time", "update_user", "update_time") VALUES ('DNK', null, '208', 'DK', 'DA', '丹麦', 'Denmark', null, 'the Kingdom of Denmark', 'dk', null, '哥本哈根', 'N55.40', 'E12.35', 'da', 'continent-EU', 'DKK', '45', '+1', null, null, 'right', '丹麦', true, true, null, null, null, null);
INSERT INTO "geo_country" ("id", "parent_id", "digital_code", "letter_code", "gec_code", "name", "english_name", "full_name", "english_full_name", "domain_suffix", "flag_url", "capital", "capital_latitude", "capital_longitude", "locale_dict_code", "continent_ocean_dict_code", "currency_dict_code", "calling_code", "timezone_utc", "date_format", "founding_day", "driving_side_dict_code", "remark", "active", "built_in", "create_user", "create_time", "update_user", "update_time") VALUES ('DMA', null, '212', 'DM', 'DO', '多米尼克', 'Dominica', null, 'the Commonwealth of Dominica', 'dm', null, '罗索', 'N15.18', 'W61.24', null, 'continent-NA', null, '1', '-4', null, null, 'left', '多米尼克', true, true, null, null, null, null);
INSERT INTO "geo_country" ("id", "parent_id", "digital_code", "letter_code", "gec_code", "name", "english_name", "full_name", "english_full_name", "domain_suffix", "flag_url", "capital", "capital_latitude", "capital_longitude", "locale_dict_code", "continent_ocean_dict_code", "currency_dict_code", "calling_code", "timezone_utc", "date_format", "founding_day", "driving_side_dict_code", "remark", "active", "built_in", "create_user", "create_time", "update_user", "update_time") VALUES ('DOM', null, '214', 'DO', 'DR', '多米尼加', 'Dominican Republic (the)', null, 'the Dominican Republic', 'do', null, '圣多明各', 'N18.28', 'W69.54', null, 'continent-NA', 'DOP', '1', '-5', null, null, 'right', '多米尼加', true, true, null, null, null, null);
INSERT INTO "geo_country" ("id", "parent_id", "digital_code", "letter_code", "gec_code", "name", "english_name", "full_name", "english_full_name", "domain_suffix", "flag_url", "capital", "capital_latitude", "capital_longitude", "locale_dict_code", "continent_ocean_dict_code", "currency_dict_code", "calling_code", "timezone_utc", "date_format", "founding_day", "driving_side_dict_code", "remark", "active", "built_in", "create_user", "create_time", "update_user", "update_time") VALUES ('DZA', null, '12', 'DZ', 'AG', '阿尔及利亚', 'Algeria', null, 'the People''s Democratic Republic of Algeria', 'dz', null, '阿尔及尔', 'N36.42', 'E3.08', 'ar-DZ', 'continent-AF', 'DZD', '213', '0', null, null, 'right', '阿尔及利亚', true, true, null, null, null, null);
INSERT INTO "geo_country" ("id", "parent_id", "digital_code", "letter_code", "gec_code", "name", "english_name", "full_name", "english_full_name", "domain_suffix", "flag_url", "capital", "capital_latitude", "capital_longitude", "locale_dict_code", "continent_ocean_dict_code", "currency_dict_code", "calling_code", "timezone_utc", "date_format", "founding_day", "driving_side_dict_code", "remark", "active", "built_in", "create_user", "create_time", "update_user", "update_time") VALUES ('ECU', null, '218', 'EC', 'EC', '厄瓜多尔', 'Ecuador', null, 'the Republic of Ecuador', 'ec', null, '基多', 'N0.13', 'W78.30', 'es-EC', 'continent-SA', 'ECS', '593', '-5', null, null, 'right', '厄瓜多尔', true, true, null, null, null, null);
INSERT INTO "geo_country" ("id", "parent_id", "digital_code", "letter_code", "gec_code", "name", "english_name", "full_name", "english_full_name", "domain_suffix", "flag_url", "capital", "capital_latitude", "capital_longitude", "locale_dict_code", "continent_ocean_dict_code", "currency_dict_code", "calling_code", "timezone_utc", "date_format", "founding_day", "driving_side_dict_code", "remark", "active", "built_in", "create_user", "create_time", "update_user", "update_time") VALUES ('EST', null, '233', 'EE', 'EN', '爱沙尼亚', 'Estonia', null, 'the Republic of Estonia', 'ee', null, '塔林', 'N59.25', 'E24.55', 'et', 'continent-EU', null, '372', '+2', null, null, 'right', '爱沙尼亚', true, true, null, null, null, null);
INSERT INTO "geo_country" ("id", "parent_id", "digital_code", "letter_code", "gec_code", "name", "english_name", "full_name", "english_full_name", "domain_suffix", "flag_url", "capital", "capital_latitude", "capital_longitude", "locale_dict_code", "continent_ocean_dict_code", "currency_dict_code", "calling_code", "timezone_utc", "date_format", "founding_day", "driving_side_dict_code", "remark", "active", "built_in", "create_user", "create_time", "update_user", "update_time") VALUES ('EGY', null, '818', 'EG', 'EG', '埃及', 'Egypt', null, 'the Arab Republic of Egypt', 'eg', null, '开罗', 'N30.03', 'E31.15', 'ar-EG', 'continent-AF', 'EGP', '20', '+2', null, null, 'right', '埃及', true, true, null, null, null, null);
INSERT INTO "geo_country" ("id", "parent_id", "digital_code", "letter_code", "gec_code", "name", "english_name", "full_name", "english_full_name", "domain_suffix", "flag_url", "capital", "capital_latitude", "capital_longitude", "locale_dict_code", "continent_ocean_dict_code", "currency_dict_code", "calling_code", "timezone_utc", "date_format", "founding_day", "driving_side_dict_code", "remark", "active", "built_in", "create_user", "create_time", "update_user", "update_time") VALUES ('ESH', null, '732', 'EH', 'WI', '西撒哈拉', 'Western Sahara', null, '', 'eh', null, '阿尤恩', 'N27.09', 'W13.12', null, null, null, null, '0', null, null, 'right', '西撒哈拉', true, true, null, null, null, null);
INSERT INTO "geo_country" ("id", "parent_id", "digital_code", "letter_code", "gec_code", "name", "english_name", "full_name", "english_full_name", "domain_suffix", "flag_url", "capital", "capital_latitude", "capital_longitude", "locale_dict_code", "continent_ocean_dict_code", "currency_dict_code", "calling_code", "timezone_utc", "date_format", "founding_day", "driving_side_dict_code", "remark", "active", "built_in", "create_user", "create_time", "update_user", "update_time") VALUES ('ERI', null, '232', 'ER', 'ER', '厄立特里亚', 'Eritrea', null, '', 'er', null, '阿斯马拉', null, null, null, 'continent-AF', 'ERN', '291', null, null, null, 'right', '厄立特里亚', true, true, null, null, null, null);
INSERT INTO "geo_country" ("id", "parent_id", "digital_code", "letter_code", "gec_code", "name", "english_name", "full_name", "english_full_name", "domain_suffix", "flag_url", "capital", "capital_latitude", "capital_longitude", "locale_dict_code", "continent_ocean_dict_code", "currency_dict_code", "calling_code", "timezone_utc", "date_format", "founding_day", "driving_side_dict_code", "remark", "active", "built_in", "create_user", "create_time", "update_user", "update_time") VALUES ('ESP', null, '724', 'ES', 'SP', '西班牙', 'Spain', null, 'the Kingdom of Spain', 'es', null, '马德里', 'N40.24', 'W3.41', 'es', 'continent-EU', null, '34', '0', null, null, 'right', '西班牙', true, true, null, null, null, null);
INSERT INTO "geo_country" ("id", "parent_id", "digital_code", "letter_code", "gec_code", "name", "english_name", "full_name", "english_full_name", "domain_suffix", "flag_url", "capital", "capital_latitude", "capital_longitude", "locale_dict_code", "continent_ocean_dict_code", "currency_dict_code", "calling_code", "timezone_utc", "date_format", "founding_day", "driving_side_dict_code", "remark", "active", "built_in", "create_user", "create_time", "update_user", "update_time") VALUES ('ETH', null, '231', 'ET', 'ET', '埃塞俄比亚', 'Ethiopia', null, 'the Federal Democratic Republic of Ethiopia', 'et', null, '亚的斯亚贝巴', null, null, null, 'continent-AF', null, '251', null, null, null, 'right', '埃塞俄比亚', true, true, null, null, null, null);
INSERT INTO "geo_country" ("id", "parent_id", "digital_code", "letter_code", "gec_code", "name", "english_name", "full_name", "english_full_name", "domain_suffix", "flag_url", "capital", "capital_latitude", "capital_longitude", "locale_dict_code", "continent_ocean_dict_code", "currency_dict_code", "calling_code", "timezone_utc", "date_format", "founding_day", "driving_side_dict_code", "remark", "active", "built_in", "create_user", "create_time", "update_user", "update_time") VALUES ('FIN', null, '246', 'FI', 'FI', '芬兰', 'Finland', null, 'the Republic of Finland', 'fi', null, '赫尔辛基', 'N60.10', 'E24.58', 'sv-FI', 'continent-EU', null, '358', '+2', null, null, 'right', '芬兰', true, true, null, null, null, null);
INSERT INTO "geo_country" ("id", "parent_id", "digital_code", "letter_code", "gec_code", "name", "english_name", "full_name", "english_full_name", "domain_suffix", "flag_url", "capital", "capital_latitude", "capital_longitude", "locale_dict_code", "continent_ocean_dict_code", "currency_dict_code", "calling_code", "timezone_utc", "date_format", "founding_day", "driving_side_dict_code", "remark", "active", "built_in", "create_user", "create_time", "update_user", "update_time") VALUES ('FJI', null, '242', 'FJ', 'FJ', '斐济', 'Fiji', null, 'the Republic of the Fiji Islands', 'fj', null, '苏瓦', 'S18.08', 'E178.25', null, 'continent-OC', 'FJD', '679', '+12', null, null, 'left', '斐济', true, true, null, null, null, null);
INSERT INTO "geo_country" ("id", "parent_id", "digital_code", "letter_code", "gec_code", "name", "english_name", "full_name", "english_full_name", "domain_suffix", "flag_url", "capital", "capital_latitude", "capital_longitude", "locale_dict_code", "continent_ocean_dict_code", "currency_dict_code", "calling_code", "timezone_utc", "date_format", "founding_day", "driving_side_dict_code", "remark", "active", "built_in", "create_user", "create_time", "update_user", "update_time") VALUES ('FLK', null, '238', 'FK', 'FK', '福克兰群岛', 'Falkland Islands (the) [Malvinas]', null, '', 'fk', null, '斯坦利', null, null, null, null, 'FKP', '500', null, null, null, 'left', '福克兰群岛，位于南大西洋，位于阿根廷领海内', true, true, null, null, null, null);
INSERT INTO "geo_country" ("id", "parent_id", "digital_code", "letter_code", "gec_code", "name", "english_name", "full_name", "english_full_name", "domain_suffix", "flag_url", "capital", "capital_latitude", "capital_longitude", "locale_dict_code", "continent_ocean_dict_code", "currency_dict_code", "calling_code", "timezone_utc", "date_format", "founding_day", "driving_side_dict_code", "remark", "active", "built_in", "create_user", "create_time", "update_user", "update_time") VALUES ('FSM', null, '583', 'FM', 'FM', '密克罗尼西亚联邦', 'Micronesia (the Federated States of)', null, 'the Federated States of Micronesia', 'fm', null, '帕利基尔', null, null, null, 'continent-OC', null, '691', null, null, null, 'right', '密克罗尼西亚联邦', true, true, null, null, null, null);
INSERT INTO "geo_country" ("id", "parent_id", "digital_code", "letter_code", "gec_code", "name", "english_name", "full_name", "english_full_name", "domain_suffix", "flag_url", "capital", "capital_latitude", "capital_longitude", "locale_dict_code", "continent_ocean_dict_code", "currency_dict_code", "calling_code", "timezone_utc", "date_format", "founding_day", "driving_side_dict_code", "remark", "active", "built_in", "create_user", "create_time", "update_user", "update_time") VALUES ('FRO', 'DNK', '234', 'FO', 'FO', '法罗群岛', 'Faroe Islands (the)', null, '', 'fo', null, null, null, null, null, null, null, '298', null, null, null, 'right', '法罗群岛，北欧国家丹麦的海外自治领地。地理位置介乎挪威海和北大西洋中间', true, true, null, null, null, null);
INSERT INTO "geo_country" ("id", "parent_id", "digital_code", "letter_code", "gec_code", "name", "english_name", "full_name", "english_full_name", "domain_suffix", "flag_url", "capital", "capital_latitude", "capital_longitude", "locale_dict_code", "continent_ocean_dict_code", "currency_dict_code", "calling_code", "timezone_utc", "date_format", "founding_day", "driving_side_dict_code", "remark", "active", "built_in", "create_user", "create_time", "update_user", "update_time") VALUES ('FRA', null, '250', 'FR', 'FR', '法国', 'France', '法兰西共和国', 'the French Republic', 'fr', null, '巴黎', 'N48.52', 'E2.20', 'fr', 'continent-EU', 'FRF', '33', '+1', null, '1798-07-14', 'right', '法国', true, true, null, null, null, null);
INSERT INTO "geo_country" ("id", "parent_id", "digital_code", "letter_code", "gec_code", "name", "english_name", "full_name", "english_full_name", "domain_suffix", "flag_url", "capital", "capital_latitude", "capital_longitude", "locale_dict_code", "continent_ocean_dict_code", "currency_dict_code", "calling_code", "timezone_utc", "date_format", "founding_day", "driving_side_dict_code", "remark", "active", "built_in", "create_user", "create_time", "update_user", "update_time") VALUES ('GAB', null, '266', 'GA', 'GB', '加蓬', 'Gabon', null, 'the Gabonese Republic', 'ga', null, '利伯维尔', 'N0.23', 'E9.27', null, 'continent-AF', null, '241', '+1', null, null, 'right', '加蓬', true, true, null, null, null, null);
INSERT INTO "geo_country" ("id", "parent_id", "digital_code", "letter_code", "gec_code", "name", "english_name", "full_name", "english_full_name", "domain_suffix", "flag_url", "capital", "capital_latitude", "capital_longitude", "locale_dict_code", "continent_ocean_dict_code", "currency_dict_code", "calling_code", "timezone_utc", "date_format", "founding_day", "driving_side_dict_code", "remark", "active", "built_in", "create_user", "create_time", "update_user", "update_time") VALUES ('GRD', null, '308', 'GD', 'GJ', '格林纳达', 'Grenada', null, '', 'gd', null, '圣乔治', null, null, null, 'continent-NA', null, '1', null, null, null, 'left', '格林纳达', true, true, null, null, null, null);
INSERT INTO "geo_country" ("id", "parent_id", "digital_code", "letter_code", "gec_code", "name", "english_name", "full_name", "english_full_name", "domain_suffix", "flag_url", "capital", "capital_latitude", "capital_longitude", "locale_dict_code", "continent_ocean_dict_code", "currency_dict_code", "calling_code", "timezone_utc", "date_format", "founding_day", "driving_side_dict_code", "remark", "active", "built_in", "create_user", "create_time", "update_user", "update_time") VALUES ('GEO', null, '268', 'GE', 'GG', '格鲁吉亚', 'Georgia', null, '', 'ge', null, '第比利斯', null, null, null, 'continent-AS', null, '995', null, null, null, 'right', '格鲁吉亚', true, true, null, null, null, null);
INSERT INTO "geo_country" ("id", "parent_id", "digital_code", "letter_code", "gec_code", "name", "english_name", "full_name", "english_full_name", "domain_suffix", "flag_url", "capital", "capital_latitude", "capital_longitude", "locale_dict_code", "continent_ocean_dict_code", "currency_dict_code", "calling_code", "timezone_utc", "date_format", "founding_day", "driving_side_dict_code", "remark", "active", "built_in", "create_user", "create_time", "update_user", "update_time") VALUES ('GUF', 'FRA', '254', 'GF', 'FG', '法属圭亚那', 'French Guiana', null, '', 'gf', null, '卡宴', null, null, null, null, null, '594', null, null, null, 'right', '法属圭亚那', true, true, null, null, null, null);
INSERT INTO "geo_country" ("id", "parent_id", "digital_code", "letter_code", "gec_code", "name", "english_name", "full_name", "english_full_name", "domain_suffix", "flag_url", "capital", "capital_latitude", "capital_longitude", "locale_dict_code", "continent_ocean_dict_code", "currency_dict_code", "calling_code", "timezone_utc", "date_format", "founding_day", "driving_side_dict_code", "remark", "active", "built_in", "create_user", "create_time", "update_user", "update_time") VALUES ('GGY', 'GBR', '831', 'GG', 'GK', '根西岛', 'Guernsey', null, '', 'gg', null, null, null, null, null, null, null, null, null, null, null, 'left', '根西岛,英国的王权属地之一，位于英吉利海峡靠近法国海岸线的海峡群岛之中', true, true, null, null, null, null);
INSERT INTO "geo_country" ("id", "parent_id", "digital_code", "letter_code", "gec_code", "name", "english_name", "full_name", "english_full_name", "domain_suffix", "flag_url", "capital", "capital_latitude", "capital_longitude", "locale_dict_code", "continent_ocean_dict_code", "currency_dict_code", "calling_code", "timezone_utc", "date_format", "founding_day", "driving_side_dict_code", "remark", "active", "built_in", "create_user", "create_time", "update_user", "update_time") VALUES ('GHA', null, '288', 'GH', 'GH', '加纳', 'Ghana', null, 'the Republic of Ghana', 'gh', null, '阿克拉', 'N5.33', 'W0.15', null, 'continent-AF', null, '233', '0', null, null, 'right', '加纳', true, true, null, null, null, null);
INSERT INTO "geo_country" ("id", "parent_id", "digital_code", "letter_code", "gec_code", "name", "english_name", "full_name", "english_full_name", "domain_suffix", "flag_url", "capital", "capital_latitude", "capital_longitude", "locale_dict_code", "continent_ocean_dict_code", "currency_dict_code", "calling_code", "timezone_utc", "date_format", "founding_day", "driving_side_dict_code", "remark", "active", "built_in", "create_user", "create_time", "update_user", "update_time") VALUES ('GIB', null, '292', 'GI', 'GI', '直布罗陀', 'Gibraltar', null, '', 'gi', null, '直布罗陀市', null, null, null, null, 'GIP', '350', '+1', null, null, 'left', '直布罗陀，欧洲伊比利亚半岛南端的城市和港口，扼大西洋和地中海交通咽喉，英国海外领地', true, true, null, null, null, null);
INSERT INTO "geo_country" ("id", "parent_id", "digital_code", "letter_code", "gec_code", "name", "english_name", "full_name", "english_full_name", "domain_suffix", "flag_url", "capital", "capital_latitude", "capital_longitude", "locale_dict_code", "continent_ocean_dict_code", "currency_dict_code", "calling_code", "timezone_utc", "date_format", "founding_day", "driving_side_dict_code", "remark", "active", "built_in", "create_user", "create_time", "update_user", "update_time") VALUES ('GRL', null, '304', 'GL', 'GL', '格陵兰', 'Greenland', null, '', 'gl', null, '戈特霍布', null, null, null, null, null, '299', null, null, null, 'right', '格陵兰', true, true, null, null, null, null);
INSERT INTO "geo_country" ("id", "parent_id", "digital_code", "letter_code", "gec_code", "name", "english_name", "full_name", "english_full_name", "domain_suffix", "flag_url", "capital", "capital_latitude", "capital_longitude", "locale_dict_code", "continent_ocean_dict_code", "currency_dict_code", "calling_code", "timezone_utc", "date_format", "founding_day", "driving_side_dict_code", "remark", "active", "built_in", "create_user", "create_time", "update_user", "update_time") VALUES ('GMB', null, '270', 'GM', 'GA', '冈比亚', 'Gambia (The)', null, 'the Republic of The Gambia', 'gm', null, '班珠尔', 'N13.28', 'W16.39', null, 'continent-AF', 'GMD', '220', '0', null, null, 'right', '冈比亚', true, true, null, null, null, null);
INSERT INTO "geo_country" ("id", "parent_id", "digital_code", "letter_code", "gec_code", "name", "english_name", "full_name", "english_full_name", "domain_suffix", "flag_url", "capital", "capital_latitude", "capital_longitude", "locale_dict_code", "continent_ocean_dict_code", "currency_dict_code", "calling_code", "timezone_utc", "date_format", "founding_day", "driving_side_dict_code", "remark", "active", "built_in", "create_user", "create_time", "update_user", "update_time") VALUES ('GIN', null, '324', 'GN', 'GV', '几内亚', 'Guinea', null, 'the Republic of Guinea', 'gn', null, '科纳克里', null, null, null, 'continent-AF', 'GNF', '224', null, null, null, 'right', '几内亚', true, true, null, null, null, null);
INSERT INTO "geo_country" ("id", "parent_id", "digital_code", "letter_code", "gec_code", "name", "english_name", "full_name", "english_full_name", "domain_suffix", "flag_url", "capital", "capital_latitude", "capital_longitude", "locale_dict_code", "continent_ocean_dict_code", "currency_dict_code", "calling_code", "timezone_utc", "date_format", "founding_day", "driving_side_dict_code", "remark", "active", "built_in", "create_user", "create_time", "update_user", "update_time") VALUES ('GLP', 'FRA', '312', 'GP', 'GP', '瓜德罗普', 'Guadeloupe', null, '', 'gp', null, null, null, null, null, null, null, '590', null, null, null, 'right', '瓜德罗普，位于加勒比海小安的列斯群岛中部，属于法国', true, true, null, null, null, null);
INSERT INTO "geo_country" ("id", "parent_id", "digital_code", "letter_code", "gec_code", "name", "english_name", "full_name", "english_full_name", "domain_suffix", "flag_url", "capital", "capital_latitude", "capital_longitude", "locale_dict_code", "continent_ocean_dict_code", "currency_dict_code", "calling_code", "timezone_utc", "date_format", "founding_day", "driving_side_dict_code", "remark", "active", "built_in", "create_user", "create_time", "update_user", "update_time") VALUES ('GNQ', null, '226', 'GQ', 'EK', '赤道几内亚', 'Equatorial Guinea', null, 'the Republic of Equatorial Guinea', 'gq', null, '马拉博', 'N3.45', 'E8.46', null, 'continent-AF', null, '240', '+1', null, null, 'right', '赤道几内亚', true, true, null, null, null, null);
INSERT INTO "geo_country" ("id", "parent_id", "digital_code", "letter_code", "gec_code", "name", "english_name", "full_name", "english_full_name", "domain_suffix", "flag_url", "capital", "capital_latitude", "capital_longitude", "locale_dict_code", "continent_ocean_dict_code", "currency_dict_code", "calling_code", "timezone_utc", "date_format", "founding_day", "driving_side_dict_code", "remark", "active", "built_in", "create_user", "create_time", "update_user", "update_time") VALUES ('GRC', null, '300', 'GR', 'GR', '希腊', 'Greece', null, 'the Hellenic Republic', 'gr', null, '雅典', 'N37.58', 'E23.43', 'el', 'continent-EU', null, '30', '+2', null, null, 'right', '希腊', true, true, null, null, null, null);
INSERT INTO "geo_country" ("id", "parent_id", "digital_code", "letter_code", "gec_code", "name", "english_name", "full_name", "english_full_name", "domain_suffix", "flag_url", "capital", "capital_latitude", "capital_longitude", "locale_dict_code", "continent_ocean_dict_code", "currency_dict_code", "calling_code", "timezone_utc", "date_format", "founding_day", "driving_side_dict_code", "remark", "active", "built_in", "create_user", "create_time", "update_user", "update_time") VALUES ('SGS', 'GBR', '239', 'GS', 'SX', '南乔治亚和南桑威奇群岛', 'South Georgia and the South Sandwich Islands', null, '', 'gs', null, null, null, null, null, null, 'GBP', null, null, null, null, 'left', '南乔治亚和南桑威奇群岛，为英国在大西洋南部的海外属地', true, true, null, null, null, null);
INSERT INTO "geo_country" ("id", "parent_id", "digital_code", "letter_code", "gec_code", "name", "english_name", "full_name", "english_full_name", "domain_suffix", "flag_url", "capital", "capital_latitude", "capital_longitude", "locale_dict_code", "continent_ocean_dict_code", "currency_dict_code", "calling_code", "timezone_utc", "date_format", "founding_day", "driving_side_dict_code", "remark", "active", "built_in", "create_user", "create_time", "update_user", "update_time") VALUES ('GTM', null, '320', 'GT', 'GT', '危地马拉', 'Guatemala', null, 'the Republic of Guatemala', 'gt', null, '危地马拉城', 'N14.38', 'W90.31', 'es-GT', 'continent-NA', 'GTQ', '502', '-6', null, null, 'right', '危地马拉', true, true, null, null, null, null);
INSERT INTO "geo_country" ("id", "parent_id", "digital_code", "letter_code", "gec_code", "name", "english_name", "full_name", "english_full_name", "domain_suffix", "flag_url", "capital", "capital_latitude", "capital_longitude", "locale_dict_code", "continent_ocean_dict_code", "currency_dict_code", "calling_code", "timezone_utc", "date_format", "founding_day", "driving_side_dict_code", "remark", "active", "built_in", "create_user", "create_time", "update_user", "update_time") VALUES ('GUM', null, '316', 'GU', 'GQ', '关岛', 'Guam', null, '', 'gu', null, '阿加尼亚', null, null, null, null, null, '1', null, null, null, 'right', '关岛', true, true, null, null, null, null);
INSERT INTO "geo_country" ("id", "parent_id", "digital_code", "letter_code", "gec_code", "name", "english_name", "full_name", "english_full_name", "domain_suffix", "flag_url", "capital", "capital_latitude", "capital_longitude", "locale_dict_code", "continent_ocean_dict_code", "currency_dict_code", "calling_code", "timezone_utc", "date_format", "founding_day", "driving_side_dict_code", "remark", "active", "built_in", "create_user", "create_time", "update_user", "update_time") VALUES ('GNB', null, '624', 'GW', 'PU', '几内亚比绍', 'Guinea-Bissau', null, 'the Republic of Guinea-Bissau', 'gw', null, '比绍', null, null, null, 'continent-AF', null, '245', null, null, null, 'right', '几内亚比绍', true, true, null, null, null, null);
INSERT INTO "geo_country" ("id", "parent_id", "digital_code", "letter_code", "gec_code", "name", "english_name", "full_name", "english_full_name", "domain_suffix", "flag_url", "capital", "capital_latitude", "capital_longitude", "locale_dict_code", "continent_ocean_dict_code", "currency_dict_code", "calling_code", "timezone_utc", "date_format", "founding_day", "driving_side_dict_code", "remark", "active", "built_in", "create_user", "create_time", "update_user", "update_time") VALUES ('GUY', null, '328', 'GY', 'GY', '圭亚那', 'Guyana', null, 'the Republic of Guyana', 'gy', null, '乔治敦', 'N6.48', 'W58.10', null, 'continent-SA', 'GYD', '592', '-3', null, null, 'left', '圭亚那', true, true, null, null, null, null);
INSERT INTO "geo_country" ("id", "parent_id", "digital_code", "letter_code", "gec_code", "name", "english_name", "full_name", "english_full_name", "domain_suffix", "flag_url", "capital", "capital_latitude", "capital_longitude", "locale_dict_code", "continent_ocean_dict_code", "currency_dict_code", "calling_code", "timezone_utc", "date_format", "founding_day", "driving_side_dict_code", "remark", "active", "built_in", "create_user", "create_time", "update_user", "update_time") VALUES ('HKG', 'CHN', '344', 'HK', 'HK', '中国香港', 'Hong Kong', '中国香港特别行政区', 'the Hong Kong Special Administrative Region of China', 'hk', null, '北京', null, null, 'zh-HK', 'continent-AS', 'HKD', '852', '+8', 'yyyy-mm-dd', '1949-10-01', 'left', '中国香港', true, true, null, null, null, null);
INSERT INTO "geo_country" ("id", "parent_id", "digital_code", "letter_code", "gec_code", "name", "english_name", "full_name", "english_full_name", "domain_suffix", "flag_url", "capital", "capital_latitude", "capital_longitude", "locale_dict_code", "continent_ocean_dict_code", "currency_dict_code", "calling_code", "timezone_utc", "date_format", "founding_day", "driving_side_dict_code", "remark", "active", "built_in", "create_user", "create_time", "update_user", "update_time") VALUES ('HMD', 'AUS', '334', 'HM', 'HM', '赫德岛和麦克唐纳群岛', 'Heard Island and McDonald Islands', null, '', 'hm', null, null, null, null, null, null, null, null, null, null, null, 'right', '赫德岛和麦克唐纳群岛,印度洋，澳大利亚海外领地', true, true, null, null, null, null);
INSERT INTO "geo_country" ("id", "parent_id", "digital_code", "letter_code", "gec_code", "name", "english_name", "full_name", "english_full_name", "domain_suffix", "flag_url", "capital", "capital_latitude", "capital_longitude", "locale_dict_code", "continent_ocean_dict_code", "currency_dict_code", "calling_code", "timezone_utc", "date_format", "founding_day", "driving_side_dict_code", "remark", "active", "built_in", "create_user", "create_time", "update_user", "update_time") VALUES ('HND', null, '340', 'HN', 'HO', '洪都拉斯', 'Honduras', null, 'the Republic of Honduras', 'hn', null, '特古西加尔巴', 'N14.06', 'W87.13', 'es-HN', 'continent-NA', 'HNL', '504', '-6', null, null, 'right', '洪都拉斯', true, true, null, null, null, null);
INSERT INTO "geo_country" ("id", "parent_id", "digital_code", "letter_code", "gec_code", "name", "english_name", "full_name", "english_full_name", "domain_suffix", "flag_url", "capital", "capital_latitude", "capital_longitude", "locale_dict_code", "continent_ocean_dict_code", "currency_dict_code", "calling_code", "timezone_utc", "date_format", "founding_day", "driving_side_dict_code", "remark", "active", "built_in", "create_user", "create_time", "update_user", "update_time") VALUES ('HRV', null, '191', 'HR', 'HR', '克罗地亚', 'Croatia', null, 'the Republic of Croatia', 'hr', null, '萨格勒布', 'N45.48', 'E15.58', 'hr', 'continent-EU', 'HRK', '385', '+1', null, null, 'right', '克罗地亚', true, true, null, null, null, null);
INSERT INTO "geo_country" ("id", "parent_id", "digital_code", "letter_code", "gec_code", "name", "english_name", "full_name", "english_full_name", "domain_suffix", "flag_url", "capital", "capital_latitude", "capital_longitude", "locale_dict_code", "continent_ocean_dict_code", "currency_dict_code", "calling_code", "timezone_utc", "date_format", "founding_day", "driving_side_dict_code", "remark", "active", "built_in", "create_user", "create_time", "update_user", "update_time") VALUES ('HTI', null, '332', 'HT', 'HA', '海地', 'Haiti', null, 'the Republic of Haiti', 'ht', null, '太子港', 'N18.32', 'W72.20', null, 'continent-NA', 'HTG', '509', '-5', null, null, 'right', '海地', true, true, null, null, null, null);
INSERT INTO "geo_country" ("id", "parent_id", "digital_code", "letter_code", "gec_code", "name", "english_name", "full_name", "english_full_name", "domain_suffix", "flag_url", "capital", "capital_latitude", "capital_longitude", "locale_dict_code", "continent_ocean_dict_code", "currency_dict_code", "calling_code", "timezone_utc", "date_format", "founding_day", "driving_side_dict_code", "remark", "active", "built_in", "create_user", "create_time", "update_user", "update_time") VALUES ('HUN', null, '348', 'HU', 'HU', '匈牙利', 'Hungary', null, 'the Republic of Hungary', 'hu', null, '布达佩斯', 'N47.30', 'E19.05', 'hu', 'continent-EU', 'HUF', '36', '+1', null, null, 'right', '匈牙利', true, true, null, null, null, null);
INSERT INTO "geo_country" ("id", "parent_id", "digital_code", "letter_code", "gec_code", "name", "english_name", "full_name", "english_full_name", "domain_suffix", "flag_url", "capital", "capital_latitude", "capital_longitude", "locale_dict_code", "continent_ocean_dict_code", "currency_dict_code", "calling_code", "timezone_utc", "date_format", "founding_day", "driving_side_dict_code", "remark", "active", "built_in", "create_user", "create_time", "update_user", "update_time") VALUES ('IDN', null, '360', 'ID', 'ID', '印尼', 'Indonesia', null, 'the Republic of Indonesia', 'id', null, '雅加达', null, null, null, 'continent-AS', 'IDR', '62', null, null, null, 'left', '印尼', true, true, null, null, null, null);
INSERT INTO "geo_country" ("id", "parent_id", "digital_code", "letter_code", "gec_code", "name", "english_name", "full_name", "english_full_name", "domain_suffix", "flag_url", "capital", "capital_latitude", "capital_longitude", "locale_dict_code", "continent_ocean_dict_code", "currency_dict_code", "calling_code", "timezone_utc", "date_format", "founding_day", "driving_side_dict_code", "remark", "active", "built_in", "create_user", "create_time", "update_user", "update_time") VALUES ('IRL', null, '372', 'IE', 'EI', '爱尔兰', 'Ireland', null, '', 'ie', null, '都柏林', 'N53.20', 'W6.15', 'gd-IE', 'continent-EU', 'IEP', '353', '0', null, null, 'left', '爱尔兰', true, true, null, null, null, null);
INSERT INTO "geo_country" ("id", "parent_id", "digital_code", "letter_code", "gec_code", "name", "english_name", "full_name", "english_full_name", "domain_suffix", "flag_url", "capital", "capital_latitude", "capital_longitude", "locale_dict_code", "continent_ocean_dict_code", "currency_dict_code", "calling_code", "timezone_utc", "date_format", "founding_day", "driving_side_dict_code", "remark", "active", "built_in", "create_user", "create_time", "update_user", "update_time") VALUES ('ISR', null, '376', 'IL', 'IS', '以色列', 'Israel', null, 'the State of Israel', 'il', null, '耶路撒冷', null, null, null, 'continent-AS', 'ILS', '972', null, null, null, 'right', '以色列', true, true, null, null, null, null);
INSERT INTO "geo_country" ("id", "parent_id", "digital_code", "letter_code", "gec_code", "name", "english_name", "full_name", "english_full_name", "domain_suffix", "flag_url", "capital", "capital_latitude", "capital_longitude", "locale_dict_code", "continent_ocean_dict_code", "currency_dict_code", "calling_code", "timezone_utc", "date_format", "founding_day", "driving_side_dict_code", "remark", "active", "built_in", "create_user", "create_time", "update_user", "update_time") VALUES ('IMN', null, '833', 'IM', 'IM', '马恩岛', 'Isle of Man', null, '', 'im', null, '道格拉斯', null, null, null, null, 'GBP', null, null, null, null, 'left', '马恩岛,英国', true, true, null, null, null, null);
INSERT INTO "geo_country" ("id", "parent_id", "digital_code", "letter_code", "gec_code", "name", "english_name", "full_name", "english_full_name", "domain_suffix", "flag_url", "capital", "capital_latitude", "capital_longitude", "locale_dict_code", "continent_ocean_dict_code", "currency_dict_code", "calling_code", "timezone_utc", "date_format", "founding_day", "driving_side_dict_code", "remark", "active", "built_in", "create_user", "create_time", "update_user", "update_time") VALUES ('IND', null, '356', 'IN', 'IN', '印度', 'India', null, 'the Republic of India', 'in', null, '新德里', null, null, null, 'continent-AS', 'INR', '91', null, null, '1947-08-15', 'left', '印度', true, true, null, null, null, null);
INSERT INTO "geo_country" ("id", "parent_id", "digital_code", "letter_code", "gec_code", "name", "english_name", "full_name", "english_full_name", "domain_suffix", "flag_url", "capital", "capital_latitude", "capital_longitude", "locale_dict_code", "continent_ocean_dict_code", "currency_dict_code", "calling_code", "timezone_utc", "date_format", "founding_day", "driving_side_dict_code", "remark", "active", "built_in", "create_user", "create_time", "update_user", "update_time") VALUES ('IOT', 'GBR', '86', 'IO', 'IO', '英属印度洋领地', 'British Indian Ocean Territory (the)', null, '', 'io', null, null, null, null, null, null, null, null, null, null, null, 'left', '英属印度洋领地', true, true, null, null, null, null);
INSERT INTO "geo_country" ("id", "parent_id", "digital_code", "letter_code", "gec_code", "name", "english_name", "full_name", "english_full_name", "domain_suffix", "flag_url", "capital", "capital_latitude", "capital_longitude", "locale_dict_code", "continent_ocean_dict_code", "currency_dict_code", "calling_code", "timezone_utc", "date_format", "founding_day", "driving_side_dict_code", "remark", "active", "built_in", "create_user", "create_time", "update_user", "update_time") VALUES ('IRQ', null, '368', 'IQ', 'IZ', '伊拉克', 'Iraq', null, 'the Republic of Iraq', 'iq', null, '巴格达', null, null, 'ar-IQ', 'continent-AS', 'IQD', '964', null, null, null, 'right', '伊拉克', true, true, null, null, null, null);
INSERT INTO "geo_country" ("id", "parent_id", "digital_code", "letter_code", "gec_code", "name", "english_name", "full_name", "english_full_name", "domain_suffix", "flag_url", "capital", "capital_latitude", "capital_longitude", "locale_dict_code", "continent_ocean_dict_code", "currency_dict_code", "calling_code", "timezone_utc", "date_format", "founding_day", "driving_side_dict_code", "remark", "active", "built_in", "create_user", "create_time", "update_user", "update_time") VALUES ('IRN', null, '364', 'IR', 'IR', '伊朗', 'Iran (the Islamic Republic of)', null, 'the Islamic Republic of Iran', 'ir', null, '德黑兰', null, null, null, 'continent-AS', 'IRR', '98', null, null, null, 'right', '伊朗', true, true, null, null, null, null);
INSERT INTO "geo_country" ("id", "parent_id", "digital_code", "letter_code", "gec_code", "name", "english_name", "full_name", "english_full_name", "domain_suffix", "flag_url", "capital", "capital_latitude", "capital_longitude", "locale_dict_code", "continent_ocean_dict_code", "currency_dict_code", "calling_code", "timezone_utc", "date_format", "founding_day", "driving_side_dict_code", "remark", "active", "built_in", "create_user", "create_time", "update_user", "update_time") VALUES ('ISL', null, '352', 'IS', 'IC', '冰岛', 'Iceland', null, 'the Republic of Iceland', 'is', null, '雷克雅未克', 'N64.09', 'W21.51', 'is', 'continent-EU', 'ISK', '354', '0', null, null, 'right', '冰岛', true, true, null, null, null, null);
INSERT INTO "geo_country" ("id", "parent_id", "digital_code", "letter_code", "gec_code", "name", "english_name", "full_name", "english_full_name", "domain_suffix", "flag_url", "capital", "capital_latitude", "capital_longitude", "locale_dict_code", "continent_ocean_dict_code", "currency_dict_code", "calling_code", "timezone_utc", "date_format", "founding_day", "driving_side_dict_code", "remark", "active", "built_in", "create_user", "create_time", "update_user", "update_time") VALUES ('ITA', null, '380', 'IT', 'IT', '意大利', 'Italy', null, 'the Republic of Italy', 'it', null, '罗马', 'N41.54', 'E12.29', 'it', 'continent-EU', 'ITL', '39', '+1', null, '1946-06-02', 'right', '意大利', true, true, null, null, null, null);
INSERT INTO "geo_country" ("id", "parent_id", "digital_code", "letter_code", "gec_code", "name", "english_name", "full_name", "english_full_name", "domain_suffix", "flag_url", "capital", "capital_latitude", "capital_longitude", "locale_dict_code", "continent_ocean_dict_code", "currency_dict_code", "calling_code", "timezone_utc", "date_format", "founding_day", "driving_side_dict_code", "remark", "active", "built_in", "create_user", "create_time", "update_user", "update_time") VALUES ('JEY', null, '832', 'JE', 'JE', '泽西', 'Jersey', null, '', 'je', null, null, null, null, null, null, null, null, null, null, null, 'right', '泽西', true, true, null, null, null, null);
INSERT INTO "geo_country" ("id", "parent_id", "digital_code", "letter_code", "gec_code", "name", "english_name", "full_name", "english_full_name", "domain_suffix", "flag_url", "capital", "capital_latitude", "capital_longitude", "locale_dict_code", "continent_ocean_dict_code", "currency_dict_code", "calling_code", "timezone_utc", "date_format", "founding_day", "driving_side_dict_code", "remark", "active", "built_in", "create_user", "create_time", "update_user", "update_time") VALUES ('JAM', null, '388', 'JM', 'JM', '牙买加', 'Jamaica', null, '', 'jm', null, '金斯敦', 'N17.58', 'W76.48', 'en-JM', 'continent-NA', 'JMD', '1', '-5', null, null, 'left', '牙买加', true, true, null, null, null, null);
INSERT INTO "geo_country" ("id", "parent_id", "digital_code", "letter_code", "gec_code", "name", "english_name", "full_name", "english_full_name", "domain_suffix", "flag_url", "capital", "capital_latitude", "capital_longitude", "locale_dict_code", "continent_ocean_dict_code", "currency_dict_code", "calling_code", "timezone_utc", "date_format", "founding_day", "driving_side_dict_code", "remark", "active", "built_in", "create_user", "create_time", "update_user", "update_time") VALUES ('JOR', null, '400', 'JO', 'JO', '约旦', 'Jordan', null, 'the Hashemite Kingdom of Jordan', 'jo', null, '安曼', null, null, 'ar-JO', 'continent-AS', 'JOD', '962', null, null, null, 'right', '约旦', true, true, null, null, null, null);
INSERT INTO "geo_country" ("id", "parent_id", "digital_code", "letter_code", "gec_code", "name", "english_name", "full_name", "english_full_name", "domain_suffix", "flag_url", "capital", "capital_latitude", "capital_longitude", "locale_dict_code", "continent_ocean_dict_code", "currency_dict_code", "calling_code", "timezone_utc", "date_format", "founding_day", "driving_side_dict_code", "remark", "active", "built_in", "create_user", "create_time", "update_user", "update_time") VALUES ('JPN', null, '392', 'JP', 'JA', '日本', 'Japan', null, '', 'jp', null, '东京', null, null, 'ja', 'continent-AS', 'JPY', '81', null, null, null, 'left', '日本', true, true, null, null, null, null);
INSERT INTO "geo_country" ("id", "parent_id", "digital_code", "letter_code", "gec_code", "name", "english_name", "full_name", "english_full_name", "domain_suffix", "flag_url", "capital", "capital_latitude", "capital_longitude", "locale_dict_code", "continent_ocean_dict_code", "currency_dict_code", "calling_code", "timezone_utc", "date_format", "founding_day", "driving_side_dict_code", "remark", "active", "built_in", "create_user", "create_time", "update_user", "update_time") VALUES ('KEN', null, '404', 'KE', 'KE', '肯尼亚', 'Kenya', null, 'the Republic of Kenya', 'ke', null, '内罗毕', 'S1.17', 'E36.49', null, 'continent-AF', 'KES', '254', '+3', null, null, 'left', '肯尼亚', true, true, null, null, null, null);
INSERT INTO "geo_country" ("id", "parent_id", "digital_code", "letter_code", "gec_code", "name", "english_name", "full_name", "english_full_name", "domain_suffix", "flag_url", "capital", "capital_latitude", "capital_longitude", "locale_dict_code", "continent_ocean_dict_code", "currency_dict_code", "calling_code", "timezone_utc", "date_format", "founding_day", "driving_side_dict_code", "remark", "active", "built_in", "create_user", "create_time", "update_user", "update_time") VALUES ('KGZ', null, '417', 'KG', 'KG', '吉尔吉斯斯坦', 'Kyrgyzstan', null, 'the Kyrgyz Republic', 'kg', null, '比什凯克', null, null, null, 'continent-AS', 'KGS', '996', null, null, null, 'right', '吉尔吉斯斯坦', true, true, null, null, null, null);
INSERT INTO "geo_country" ("id", "parent_id", "digital_code", "letter_code", "gec_code", "name", "english_name", "full_name", "english_full_name", "domain_suffix", "flag_url", "capital", "capital_latitude", "capital_longitude", "locale_dict_code", "continent_ocean_dict_code", "currency_dict_code", "calling_code", "timezone_utc", "date_format", "founding_day", "driving_side_dict_code", "remark", "active", "built_in", "create_user", "create_time", "update_user", "update_time") VALUES ('KHM', null, '116', 'KH', 'CB', '柬埔寨', 'Cambodia', null, 'the Kingdom of Cambodia', 'kh', null, '金边', null, null, null, 'continent-AS', 'KHR', '855', null, null, '1953-11-09', 'right', '柬埔寨', true, true, null, null, null, null);
INSERT INTO "geo_country" ("id", "parent_id", "digital_code", "letter_code", "gec_code", "name", "english_name", "full_name", "english_full_name", "domain_suffix", "flag_url", "capital", "capital_latitude", "capital_longitude", "locale_dict_code", "continent_ocean_dict_code", "currency_dict_code", "calling_code", "timezone_utc", "date_format", "founding_day", "driving_side_dict_code", "remark", "active", "built_in", "create_user", "create_time", "update_user", "update_time") VALUES ('KIR', null, '296', 'KI', 'KR', '基里巴斯', 'Kiribati', null, 'the Republic of Kiribati', 'ki', null, null, null, null, null, null, null, '686', null, null, null, 'left', '基里巴斯', true, true, null, null, null, null);
INSERT INTO "geo_country" ("id", "parent_id", "digital_code", "letter_code", "gec_code", "name", "english_name", "full_name", "english_full_name", "domain_suffix", "flag_url", "capital", "capital_latitude", "capital_longitude", "locale_dict_code", "continent_ocean_dict_code", "currency_dict_code", "calling_code", "timezone_utc", "date_format", "founding_day", "driving_side_dict_code", "remark", "active", "built_in", "create_user", "create_time", "update_user", "update_time") VALUES ('COM', null, '174', 'KM', 'CN', '科摩罗', 'Comoros', null, 'the Union of the Comoros', 'km', null, '莫罗尼', null, null, null, 'continent-AF', 'KMF', '269', null, null, null, 'right', '科摩罗', true, true, null, null, null, null);
INSERT INTO "geo_country" ("id", "parent_id", "digital_code", "letter_code", "gec_code", "name", "english_name", "full_name", "english_full_name", "domain_suffix", "flag_url", "capital", "capital_latitude", "capital_longitude", "locale_dict_code", "continent_ocean_dict_code", "currency_dict_code", "calling_code", "timezone_utc", "date_format", "founding_day", "driving_side_dict_code", "remark", "active", "built_in", "create_user", "create_time", "update_user", "update_time") VALUES ('KNA', null, '659', 'KN', 'SC', '圣基茨和尼维斯', 'Saint Kitts and Nevis', null, '', 'kn', null, '巴斯特尔', null, null, null, null, null, '1', '-4', null, null, 'left', '圣基茨和尼维斯', true, true, null, null, null, null);
INSERT INTO "geo_country" ("id", "parent_id", "digital_code", "letter_code", "gec_code", "name", "english_name", "full_name", "english_full_name", "domain_suffix", "flag_url", "capital", "capital_latitude", "capital_longitude", "locale_dict_code", "continent_ocean_dict_code", "currency_dict_code", "calling_code", "timezone_utc", "date_format", "founding_day", "driving_side_dict_code", "remark", "active", "built_in", "create_user", "create_time", "update_user", "update_time") VALUES ('PRK', null, '408', 'KP', 'KN', '朝鲜', 'Korea (the Democratic People''s Republic of)', null, 'the Democratic People''s Republic of Korea', 'kp', null, '平壤', null, null, 'ko', 'continent-AS', 'KPW', '850', null, null, null, 'right', '朝鲜', true, true, null, null, null, null);
INSERT INTO "geo_country" ("id", "parent_id", "digital_code", "letter_code", "gec_code", "name", "english_name", "full_name", "english_full_name", "domain_suffix", "flag_url", "capital", "capital_latitude", "capital_longitude", "locale_dict_code", "continent_ocean_dict_code", "currency_dict_code", "calling_code", "timezone_utc", "date_format", "founding_day", "driving_side_dict_code", "remark", "active", "built_in", "create_user", "create_time", "update_user", "update_time") VALUES ('KOR', null, '410', 'KR', 'KS', '韩国', 'Korea (the Republic of)', null, 'the Republic of Korea', 'kr', null, '首尔', null, null, 'ko', 'continent-AS', 'KRW', '82', null, null, '1948-08-15', 'right', '韩国', true, true, null, null, null, null);
INSERT INTO "geo_country" ("id", "parent_id", "digital_code", "letter_code", "gec_code", "name", "english_name", "full_name", "english_full_name", "domain_suffix", "flag_url", "capital", "capital_latitude", "capital_longitude", "locale_dict_code", "continent_ocean_dict_code", "currency_dict_code", "calling_code", "timezone_utc", "date_format", "founding_day", "driving_side_dict_code", "remark", "active", "built_in", "create_user", "create_time", "update_user", "update_time") VALUES ('KWT', null, '414', 'KW', 'KU', '科威特', 'Kuwait', null, 'he State of Kuwait', 'kw', null, '科威特城', null, null, 'ar-KW', 'continent-AS', 'KWD', '965', null, null, null, 'right', '科威特', true, true, null, null, null, null);
INSERT INTO "geo_country" ("id", "parent_id", "digital_code", "letter_code", "gec_code", "name", "english_name", "full_name", "english_full_name", "domain_suffix", "flag_url", "capital", "capital_latitude", "capital_longitude", "locale_dict_code", "continent_ocean_dict_code", "currency_dict_code", "calling_code", "timezone_utc", "date_format", "founding_day", "driving_side_dict_code", "remark", "active", "built_in", "create_user", "create_time", "update_user", "update_time") VALUES ('CYM', null, '136', 'KY', 'CJ', '开曼群岛', 'Cayman Islands (the)', null, '', 'ky', null, '乔治敦', 'N6.48', 'W58.10', null, null, 'KYD', '1', '-3', null, null, 'left', '开曼群岛', true, true, null, null, null, null);
INSERT INTO "geo_country" ("id", "parent_id", "digital_code", "letter_code", "gec_code", "name", "english_name", "full_name", "english_full_name", "domain_suffix", "flag_url", "capital", "capital_latitude", "capital_longitude", "locale_dict_code", "continent_ocean_dict_code", "currency_dict_code", "calling_code", "timezone_utc", "date_format", "founding_day", "driving_side_dict_code", "remark", "active", "built_in", "create_user", "create_time", "update_user", "update_time") VALUES ('KAZ', null, '398', 'KZ', 'KZ', '哈萨克斯坦', 'Kazakhstan', null, 'the Republic of Kazakhstan', 'kz', null, '阿斯塔纳', null, null, null, 'continent-AS', 'KZT', '7', null, null, null, 'right', '哈萨克斯坦', true, true, null, null, null, null);
INSERT INTO "geo_country" ("id", "parent_id", "digital_code", "letter_code", "gec_code", "name", "english_name", "full_name", "english_full_name", "domain_suffix", "flag_url", "capital", "capital_latitude", "capital_longitude", "locale_dict_code", "continent_ocean_dict_code", "currency_dict_code", "calling_code", "timezone_utc", "date_format", "founding_day", "driving_side_dict_code", "remark", "active", "built_in", "create_user", "create_time", "update_user", "update_time") VALUES ('LAO', null, '418', 'LA', 'LA', '老挝', 'Lao People''s Democratic Republic (the)', null, 'the Lao People''s Democratic Republic', 'la', null, '万象', null, null, null, 'continent-AS', 'LAK', '856', null, null, '1975-12-02', 'right', '老挝', true, true, null, null, null, null);
INSERT INTO "geo_country" ("id", "parent_id", "digital_code", "letter_code", "gec_code", "name", "english_name", "full_name", "english_full_name", "domain_suffix", "flag_url", "capital", "capital_latitude", "capital_longitude", "locale_dict_code", "continent_ocean_dict_code", "currency_dict_code", "calling_code", "timezone_utc", "date_format", "founding_day", "driving_side_dict_code", "remark", "active", "built_in", "create_user", "create_time", "update_user", "update_time") VALUES ('LBN', null, '422', 'LB', 'LE', '黎巴嫩', 'Lebanon', null, 'the Lebanese Republic', 'lb', null, '贝鲁特', null, null, 'ar-LB', 'continent-AS', 'LBP', '961', null, null, null, 'right', '黎巴嫩', true, true, null, null, null, null);
INSERT INTO "geo_country" ("id", "parent_id", "digital_code", "letter_code", "gec_code", "name", "english_name", "full_name", "english_full_name", "domain_suffix", "flag_url", "capital", "capital_latitude", "capital_longitude", "locale_dict_code", "continent_ocean_dict_code", "currency_dict_code", "calling_code", "timezone_utc", "date_format", "founding_day", "driving_side_dict_code", "remark", "active", "built_in", "create_user", "create_time", "update_user", "update_time") VALUES ('LCA', null, '662', 'LC', 'ST', '圣卢西亚', 'Saint Lucia', null, '', 'lc', null, '卡斯特里', null, null, null, 'continent-NA', null, '1', null, null, null, 'left', '圣卢西亚', true, true, null, null, null, null);
INSERT INTO "geo_country" ("id", "parent_id", "digital_code", "letter_code", "gec_code", "name", "english_name", "full_name", "english_full_name", "domain_suffix", "flag_url", "capital", "capital_latitude", "capital_longitude", "locale_dict_code", "continent_ocean_dict_code", "currency_dict_code", "calling_code", "timezone_utc", "date_format", "founding_day", "driving_side_dict_code", "remark", "active", "built_in", "create_user", "create_time", "update_user", "update_time") VALUES ('LIE', null, '438', 'LI', 'LS', '列支敦士登', 'Liechtenstein', null, 'the Principality of Liechtenstein', 'li', null, '瓦杜兹', null, null, 'de-LI', 'continent-EU', null, '423', null, null, null, 'right', '列支敦士登', true, true, null, null, null, null);
INSERT INTO "geo_country" ("id", "parent_id", "digital_code", "letter_code", "gec_code", "name", "english_name", "full_name", "english_full_name", "domain_suffix", "flag_url", "capital", "capital_latitude", "capital_longitude", "locale_dict_code", "continent_ocean_dict_code", "currency_dict_code", "calling_code", "timezone_utc", "date_format", "founding_day", "driving_side_dict_code", "remark", "active", "built_in", "create_user", "create_time", "update_user", "update_time") VALUES ('LKA', null, '144', 'LK', 'CE', '斯里兰卡', 'Sri Lanka', null, 'the Democratic Socialist Republic of Sri Lanka', 'lk', null, '科伦坡', null, null, null, 'continent-AS', 'LKR', '94', null, null, '1948-02-04', 'left', '斯里兰卡', true, true, null, null, null, null);
INSERT INTO "geo_country" ("id", "parent_id", "digital_code", "letter_code", "gec_code", "name", "english_name", "full_name", "english_full_name", "domain_suffix", "flag_url", "capital", "capital_latitude", "capital_longitude", "locale_dict_code", "continent_ocean_dict_code", "currency_dict_code", "calling_code", "timezone_utc", "date_format", "founding_day", "driving_side_dict_code", "remark", "active", "built_in", "create_user", "create_time", "update_user", "update_time") VALUES ('LBR', null, '430', 'LR', 'LI', '利比里亚', 'Liberia', null, 'the Republic of Liberia', 'lr', null, '蒙罗维亚', null, null, null, 'continent-AF', 'LRD', '231', null, null, null, 'right', '利比里亚', true, true, null, null, null, null);
INSERT INTO "geo_country" ("id", "parent_id", "digital_code", "letter_code", "gec_code", "name", "english_name", "full_name", "english_full_name", "domain_suffix", "flag_url", "capital", "capital_latitude", "capital_longitude", "locale_dict_code", "continent_ocean_dict_code", "currency_dict_code", "calling_code", "timezone_utc", "date_format", "founding_day", "driving_side_dict_code", "remark", "active", "built_in", "create_user", "create_time", "update_user", "update_time") VALUES ('LSO', null, '426', 'LS', 'LT', '莱索托', 'Lesotho', null, 'the Kingdom of Lesotho', 'ls', null, '马塞卢', null, null, null, 'continent-AF', 'LSL', '266', null, null, null, 'left', '莱索托', true, true, null, null, null, null);
INSERT INTO "geo_country" ("id", "parent_id", "digital_code", "letter_code", "gec_code", "name", "english_name", "full_name", "english_full_name", "domain_suffix", "flag_url", "capital", "capital_latitude", "capital_longitude", "locale_dict_code", "continent_ocean_dict_code", "currency_dict_code", "calling_code", "timezone_utc", "date_format", "founding_day", "driving_side_dict_code", "remark", "active", "built_in", "create_user", "create_time", "update_user", "update_time") VALUES ('LTU', null, '440', 'LT', 'LH', '立陶宛', 'Lithuania', null, 'the Republic of Lithuania', 'lt', null, '维尔纽斯', 'N54.41', 'E25.19', 'lt', 'continent-EU', 'LTL', '370', '+2', null, null, 'right', '立陶宛', true, true, null, null, null, null);
INSERT INTO "geo_country" ("id", "parent_id", "digital_code", "letter_code", "gec_code", "name", "english_name", "full_name", "english_full_name", "domain_suffix", "flag_url", "capital", "capital_latitude", "capital_longitude", "locale_dict_code", "continent_ocean_dict_code", "currency_dict_code", "calling_code", "timezone_utc", "date_format", "founding_day", "driving_side_dict_code", "remark", "active", "built_in", "create_user", "create_time", "update_user", "update_time") VALUES ('LUX', null, '442', 'LU', 'LU', '卢森堡', 'Luxembourg', null, 'the Grand Duchy of Luxembourg', 'lu', null, '卢森堡市', 'N49.36', 'E6.09', 'fr-LU', 'continent-EU', null, '352', '+1', null, null, 'right', '卢森堡', true, true, null, null, null, null);
INSERT INTO "geo_country" ("id", "parent_id", "digital_code", "letter_code", "gec_code", "name", "english_name", "full_name", "english_full_name", "domain_suffix", "flag_url", "capital", "capital_latitude", "capital_longitude", "locale_dict_code", "continent_ocean_dict_code", "currency_dict_code", "calling_code", "timezone_utc", "date_format", "founding_day", "driving_side_dict_code", "remark", "active", "built_in", "create_user", "create_time", "update_user", "update_time") VALUES ('LVA', null, '428', 'LV', 'LG', '拉脱维亚', 'Latvia', null, 'the Republic of Latvia', 'lv', null, '里加', null, null, 'lv', 'continent-EU', 'LVL', '371', null, null, null, 'right', '拉脱维亚', true, true, null, null, null, null);
INSERT INTO "geo_country" ("id", "parent_id", "digital_code", "letter_code", "gec_code", "name", "english_name", "full_name", "english_full_name", "domain_suffix", "flag_url", "capital", "capital_latitude", "capital_longitude", "locale_dict_code", "continent_ocean_dict_code", "currency_dict_code", "calling_code", "timezone_utc", "date_format", "founding_day", "driving_side_dict_code", "remark", "active", "built_in", "create_user", "create_time", "update_user", "update_time") VALUES ('LBY', null, '434', 'LY', 'LY', '利比亚', 'Libyan Arab Jamahiriya (the)', null, 'the Socialist People''s Libyan Arab Jamahiriya', 'ly', null, '的黎波里', 'N32.54', 'E13.11', 'ar-LY', 'continent-AF', 'LYD', '218', '+1', null, null, 'right', '利比亚', true, true, null, null, null, null);
INSERT INTO "geo_country" ("id", "parent_id", "digital_code", "letter_code", "gec_code", "name", "english_name", "full_name", "english_full_name", "domain_suffix", "flag_url", "capital", "capital_latitude", "capital_longitude", "locale_dict_code", "continent_ocean_dict_code", "currency_dict_code", "calling_code", "timezone_utc", "date_format", "founding_day", "driving_side_dict_code", "remark", "active", "built_in", "create_user", "create_time", "update_user", "update_time") VALUES ('MAR', null, '504', 'MA', 'MO', '摩洛哥', 'Morocco', null, 'the Kingdom of Morocco', 'ma', null, '拉巴特', 'N34.02', 'W6.51', 'ar-MA', 'continent-AF', 'MAD', '212', '0', null, null, 'right', '摩洛哥', true, true, null, null, null, null);
INSERT INTO "geo_country" ("id", "parent_id", "digital_code", "letter_code", "gec_code", "name", "english_name", "full_name", "english_full_name", "domain_suffix", "flag_url", "capital", "capital_latitude", "capital_longitude", "locale_dict_code", "continent_ocean_dict_code", "currency_dict_code", "calling_code", "timezone_utc", "date_format", "founding_day", "driving_side_dict_code", "remark", "active", "built_in", "create_user", "create_time", "update_user", "update_time") VALUES ('MCO', null, '492', 'MC', 'MN', '摩纳哥', 'Monaco', null, 'the Principality of Monaco', 'mc', null, '摩纳哥', null, null, null, 'continent-EU', null, '377', null, null, null, 'right', '摩纳哥', true, true, null, null, null, null);
INSERT INTO "geo_country" ("id", "parent_id", "digital_code", "letter_code", "gec_code", "name", "english_name", "full_name", "english_full_name", "domain_suffix", "flag_url", "capital", "capital_latitude", "capital_longitude", "locale_dict_code", "continent_ocean_dict_code", "currency_dict_code", "calling_code", "timezone_utc", "date_format", "founding_day", "driving_side_dict_code", "remark", "active", "built_in", "create_user", "create_time", "update_user", "update_time") VALUES ('MDA', null, '498', 'MD', 'MD', '摩尔多瓦', 'Moldova (the Republic of)', null, 'the Republic of Moldova', 'md', null, '基希讷乌', 'N47.00', 'E28.50', null, 'continent-EU', 'MDL', '373', '+2', null, null, 'right', '摩尔多瓦', true, true, null, null, null, null);
INSERT INTO "geo_country" ("id", "parent_id", "digital_code", "letter_code", "gec_code", "name", "english_name", "full_name", "english_full_name", "domain_suffix", "flag_url", "capital", "capital_latitude", "capital_longitude", "locale_dict_code", "continent_ocean_dict_code", "currency_dict_code", "calling_code", "timezone_utc", "date_format", "founding_day", "driving_side_dict_code", "remark", "active", "built_in", "create_user", "create_time", "update_user", "update_time") VALUES ('MNE', null, '499', 'ME', 'MJ', '黑山', 'Montenegro', null, 'he Republic of Montenegro', 'me', null, '波德戈里察', null, null, null, 'continent-EU', null, '382', null, null, null, 'right', '黑山', true, true, null, null, null, null);
INSERT INTO "geo_country" ("id", "parent_id", "digital_code", "letter_code", "gec_code", "name", "english_name", "full_name", "english_full_name", "domain_suffix", "flag_url", "capital", "capital_latitude", "capital_longitude", "locale_dict_code", "continent_ocean_dict_code", "currency_dict_code", "calling_code", "timezone_utc", "date_format", "founding_day", "driving_side_dict_code", "remark", "active", "built_in", "create_user", "create_time", "update_user", "update_time") VALUES ('MAF', 'FRA', '663', 'MF', 'RN', '法属圣马丁', null, null, null, 'mf', null, null, null, null, null, null, null, null, null, null, null, 'right', '法属圣马丁', true, true, null, null, null, null);
INSERT INTO "geo_country" ("id", "parent_id", "digital_code", "letter_code", "gec_code", "name", "english_name", "full_name", "english_full_name", "domain_suffix", "flag_url", "capital", "capital_latitude", "capital_longitude", "locale_dict_code", "continent_ocean_dict_code", "currency_dict_code", "calling_code", "timezone_utc", "date_format", "founding_day", "driving_side_dict_code", "remark", "active", "built_in", "create_user", "create_time", "update_user", "update_time") VALUES ('MDG', null, '450', 'MG', 'MA', '马达加斯加', 'Madagascar', null, 'the Republic of Madagascar', 'mg', null, '塔那那利佛', 'S18.58', 'E47.30', null, 'continent-AF', null, '261', '+3', null, null, 'right', '马达加斯加', true, true, null, null, null, null);
INSERT INTO "geo_country" ("id", "parent_id", "digital_code", "letter_code", "gec_code", "name", "english_name", "full_name", "english_full_name", "domain_suffix", "flag_url", "capital", "capital_latitude", "capital_longitude", "locale_dict_code", "continent_ocean_dict_code", "currency_dict_code", "calling_code", "timezone_utc", "date_format", "founding_day", "driving_side_dict_code", "remark", "active", "built_in", "create_user", "create_time", "update_user", "update_time") VALUES ('MHL', null, '584', 'MH', 'RM', '马绍尔群岛', 'Marshall Islands (the)', null, 'the Republic of the Marshall Islands', 'mh', null, '马朱罗', null, null, null, 'continent-OC', null, '692', null, null, null, 'right', '马绍尔群岛', true, true, null, null, null, null);
INSERT INTO "geo_country" ("id", "parent_id", "digital_code", "letter_code", "gec_code", "name", "english_name", "full_name", "english_full_name", "domain_suffix", "flag_url", "capital", "capital_latitude", "capital_longitude", "locale_dict_code", "continent_ocean_dict_code", "currency_dict_code", "calling_code", "timezone_utc", "date_format", "founding_day", "driving_side_dict_code", "remark", "active", "built_in", "create_user", "create_time", "update_user", "update_time") VALUES ('MKD', null, '807', 'MK', 'MK', '马其顿', 'Macedonia (the former Yugoslav Republic of)', null, 'the former Yugoslav Republic of Macedonia', 'mk', null, '斯科普里', 'N42.00', 'E21.28', 'mk', 'continent-EU', 'MKD', '389', '+2', null, null, 'right', '马其顿', true, true, null, null, null, null);
INSERT INTO "geo_country" ("id", "parent_id", "digital_code", "letter_code", "gec_code", "name", "english_name", "full_name", "english_full_name", "domain_suffix", "flag_url", "capital", "capital_latitude", "capital_longitude", "locale_dict_code", "continent_ocean_dict_code", "currency_dict_code", "calling_code", "timezone_utc", "date_format", "founding_day", "driving_side_dict_code", "remark", "active", "built_in", "create_user", "create_time", "update_user", "update_time") VALUES ('MLI', null, '466', 'ML', 'ML', '马里', 'Mali', null, 'the Republic of Mali', 'ml', null, '巴马科', 'N12.39', 'W8.00', null, 'continent-AF', null, '223', '0', null, null, 'right', '马里', true, true, null, null, null, null);
INSERT INTO "geo_country" ("id", "parent_id", "digital_code", "letter_code", "gec_code", "name", "english_name", "full_name", "english_full_name", "domain_suffix", "flag_url", "capital", "capital_latitude", "capital_longitude", "locale_dict_code", "continent_ocean_dict_code", "currency_dict_code", "calling_code", "timezone_utc", "date_format", "founding_day", "driving_side_dict_code", "remark", "active", "built_in", "create_user", "create_time", "update_user", "update_time") VALUES ('MMR', null, '104', 'MM', 'BM', '缅甸', 'Myanmar', null, 'the Union of Myanmar', 'mm', null, '内比都', null, null, null, 'continent-AS', 'MMK', '95', null, null, '1948-01-04', 'right', '缅甸', true, true, null, null, null, null);
INSERT INTO "geo_country" ("id", "parent_id", "digital_code", "letter_code", "gec_code", "name", "english_name", "full_name", "english_full_name", "domain_suffix", "flag_url", "capital", "capital_latitude", "capital_longitude", "locale_dict_code", "continent_ocean_dict_code", "currency_dict_code", "calling_code", "timezone_utc", "date_format", "founding_day", "driving_side_dict_code", "remark", "active", "built_in", "create_user", "create_time", "update_user", "update_time") VALUES ('MNG', null, '496', 'MN', 'MG', '蒙古', 'Mongolia', null, '', 'mn', null, '乌兰巴托', null, null, null, 'continent-AS', 'MNT', '976', null, null, null, 'right', '蒙古', true, true, null, null, null, null);
INSERT INTO "geo_country" ("id", "parent_id", "digital_code", "letter_code", "gec_code", "name", "english_name", "full_name", "english_full_name", "domain_suffix", "flag_url", "capital", "capital_latitude", "capital_longitude", "locale_dict_code", "continent_ocean_dict_code", "currency_dict_code", "calling_code", "timezone_utc", "date_format", "founding_day", "driving_side_dict_code", "remark", "active", "built_in", "create_user", "create_time", "update_user", "update_time") VALUES ('MAC', 'CHN', '446', 'MO', 'MC', '中国澳门', 'Macao', '中国澳门特别行政区', 'Macao Special Administrative Region of China', 'mo', null, '北京', null, null, 'zh-HK', 'continent-AS', 'MOP', '853', '+8', 'yyyy-mm-dd', '1949-10-01', 'left', '中国澳门', true, true, null, null, null, null);
INSERT INTO "geo_country" ("id", "parent_id", "digital_code", "letter_code", "gec_code", "name", "english_name", "full_name", "english_full_name", "domain_suffix", "flag_url", "capital", "capital_latitude", "capital_longitude", "locale_dict_code", "continent_ocean_dict_code", "currency_dict_code", "calling_code", "timezone_utc", "date_format", "founding_day", "driving_side_dict_code", "remark", "active", "built_in", "create_user", "create_time", "update_user", "update_time") VALUES ('MNP', null, '580', 'MP', 'CQ', '北马里亚纳群岛', 'Northern Mariana Islands (the)', null, 'the Commonwealth of the Northern Mariana Islands', 'mp', null, '塞班', null, null, null, null, null, '1', null, null, null, 'right', '北马里亚纳群岛', true, true, null, null, null, null);
INSERT INTO "geo_country" ("id", "parent_id", "digital_code", "letter_code", "gec_code", "name", "english_name", "full_name", "english_full_name", "domain_suffix", "flag_url", "capital", "capital_latitude", "capital_longitude", "locale_dict_code", "continent_ocean_dict_code", "currency_dict_code", "calling_code", "timezone_utc", "date_format", "founding_day", "driving_side_dict_code", "remark", "active", "built_in", "create_user", "create_time", "update_user", "update_time") VALUES ('MTQ', 'FRA', '474', 'MQ', 'MB', '马提尼克', 'Martinique', null, '', 'mq', null, '法兰西堡', null, null, null, null, null, '596', null, null, null, 'right', '马提尼克', true, true, null, null, null, null);
INSERT INTO "geo_country" ("id", "parent_id", "digital_code", "letter_code", "gec_code", "name", "english_name", "full_name", "english_full_name", "domain_suffix", "flag_url", "capital", "capital_latitude", "capital_longitude", "locale_dict_code", "continent_ocean_dict_code", "currency_dict_code", "calling_code", "timezone_utc", "date_format", "founding_day", "driving_side_dict_code", "remark", "active", "built_in", "create_user", "create_time", "update_user", "update_time") VALUES ('MRT', null, '478', 'MR', 'MR', '毛里塔尼亚', 'Mauritania', null, 'the Islamic Republic of Mauritania', 'mr', null, '努瓦克肖特', 'N18.06', 'W15.57', null, 'continent-AF', 'MRO', '222', '0', null, null, 'right', '毛里塔尼亚', true, true, null, null, null, null);
INSERT INTO "geo_country" ("id", "parent_id", "digital_code", "letter_code", "gec_code", "name", "english_name", "full_name", "english_full_name", "domain_suffix", "flag_url", "capital", "capital_latitude", "capital_longitude", "locale_dict_code", "continent_ocean_dict_code", "currency_dict_code", "calling_code", "timezone_utc", "date_format", "founding_day", "driving_side_dict_code", "remark", "active", "built_in", "create_user", "create_time", "update_user", "update_time") VALUES ('MSR', null, '500', 'MS', 'MH', '蒙特塞拉特', 'Montserrat', null, '', 'ms', null, null, '布莱兹', null, null, null, null, '1', null, null, null, 'right', '蒙特塞拉特', true, true, null, null, null, null);
INSERT INTO "geo_country" ("id", "parent_id", "digital_code", "letter_code", "gec_code", "name", "english_name", "full_name", "english_full_name", "domain_suffix", "flag_url", "capital", "capital_latitude", "capital_longitude", "locale_dict_code", "continent_ocean_dict_code", "currency_dict_code", "calling_code", "timezone_utc", "date_format", "founding_day", "driving_side_dict_code", "remark", "active", "built_in", "create_user", "create_time", "update_user", "update_time") VALUES ('MLT', null, '470', 'MT', 'MT', '马耳他', 'Malta', null, 'the Republic of Malta', 'mt', null, '瓦莱塔', 'N35.54', 'E14.31', 'mt', 'continent-EU', null, '356', '+1', null, null, 'left', '马耳他', true, true, null, null, null, null);
INSERT INTO "geo_country" ("id", "parent_id", "digital_code", "letter_code", "gec_code", "name", "english_name", "full_name", "english_full_name", "domain_suffix", "flag_url", "capital", "capital_latitude", "capital_longitude", "locale_dict_code", "continent_ocean_dict_code", "currency_dict_code", "calling_code", "timezone_utc", "date_format", "founding_day", "driving_side_dict_code", "remark", "active", "built_in", "create_user", "create_time", "update_user", "update_time") VALUES ('MUS', null, '480', 'MU', 'MP', '毛里求斯', 'Mauritius', null, 'the Republic of Mauritius', 'mu', null, '路易港', null, null, null, 'continent-AF', 'MUR', '230', null, null, null, 'left', '毛里求斯', true, true, null, null, null, null);
INSERT INTO "geo_country" ("id", "parent_id", "digital_code", "letter_code", "gec_code", "name", "english_name", "full_name", "english_full_name", "domain_suffix", "flag_url", "capital", "capital_latitude", "capital_longitude", "locale_dict_code", "continent_ocean_dict_code", "currency_dict_code", "calling_code", "timezone_utc", "date_format", "founding_day", "driving_side_dict_code", "remark", "active", "built_in", "create_user", "create_time", "update_user", "update_time") VALUES ('MDV', null, '462', 'MV', 'MV', '马尔代夫', 'Maldives', null, 'the Republic of Maldives', 'mv', null, '马累', null, null, null, 'continent-AS', 'MVR', '960', null, null, '1965-07-26', 'left', '马尔代夫', true, true, null, null, null, null);
INSERT INTO "geo_country" ("id", "parent_id", "digital_code", "letter_code", "gec_code", "name", "english_name", "full_name", "english_full_name", "domain_suffix", "flag_url", "capital", "capital_latitude", "capital_longitude", "locale_dict_code", "continent_ocean_dict_code", "currency_dict_code", "calling_code", "timezone_utc", "date_format", "founding_day", "driving_side_dict_code", "remark", "active", "built_in", "create_user", "create_time", "update_user", "update_time") VALUES ('MWI', null, '454', 'MW', 'MI', '马拉维', 'Malawi', null, 'the Republic of Malawi', 'mw', null, '利隆圭', 'S13.59', 'E33.44', null, 'continent-AF', 'MWK', '265', '+2', null, null, 'left', '马拉维', true, true, null, null, null, null);
INSERT INTO "geo_country" ("id", "parent_id", "digital_code", "letter_code", "gec_code", "name", "english_name", "full_name", "english_full_name", "domain_suffix", "flag_url", "capital", "capital_latitude", "capital_longitude", "locale_dict_code", "continent_ocean_dict_code", "currency_dict_code", "calling_code", "timezone_utc", "date_format", "founding_day", "driving_side_dict_code", "remark", "active", "built_in", "create_user", "create_time", "update_user", "update_time") VALUES ('MEX', null, '484', 'MX', 'MX', '墨西哥', 'Mexico', null, 'the United Mexican States', 'mx', null, '墨西哥城', 'N19.24', 'W99.09', 'es-MX', 'continent-NA', 'MXN', '52', '-6', null, null, 'right', '墨西哥', true, true, null, null, null, null);
INSERT INTO "geo_country" ("id", "parent_id", "digital_code", "letter_code", "gec_code", "name", "english_name", "full_name", "english_full_name", "domain_suffix", "flag_url", "capital", "capital_latitude", "capital_longitude", "locale_dict_code", "continent_ocean_dict_code", "currency_dict_code", "calling_code", "timezone_utc", "date_format", "founding_day", "driving_side_dict_code", "remark", "active", "built_in", "create_user", "create_time", "update_user", "update_time") VALUES ('MYS', null, '458', 'MY', 'MY', '马来西亚', 'Malaysia', null, '', 'my', null, '吉隆坡', null, null, 'ms', 'continent-AS', 'MYR', '60', null, null, null, 'left', '马来西亚', true, true, null, null, null, null);
INSERT INTO "geo_country" ("id", "parent_id", "digital_code", "letter_code", "gec_code", "name", "english_name", "full_name", "english_full_name", "domain_suffix", "flag_url", "capital", "capital_latitude", "capital_longitude", "locale_dict_code", "continent_ocean_dict_code", "currency_dict_code", "calling_code", "timezone_utc", "date_format", "founding_day", "driving_side_dict_code", "remark", "active", "built_in", "create_user", "create_time", "update_user", "update_time") VALUES ('MOZ', null, '508', 'MZ', 'MZ', '莫桑比克', 'Mozambique', null, 'the Republic of Mozambique', 'mz', null, '马普托', 'S26.10', 'E32.42', null, 'continent-AF', null, '258', '+2', null, null, 'left', '莫桑比克', true, true, null, null, null, null);
INSERT INTO "geo_country" ("id", "parent_id", "digital_code", "letter_code", "gec_code", "name", "english_name", "full_name", "english_full_name", "domain_suffix", "flag_url", "capital", "capital_latitude", "capital_longitude", "locale_dict_code", "continent_ocean_dict_code", "currency_dict_code", "calling_code", "timezone_utc", "date_format", "founding_day", "driving_side_dict_code", "remark", "active", "built_in", "create_user", "create_time", "update_user", "update_time") VALUES ('NAM', null, '516', 'NA', 'WA', '纳米比亚', 'Namibia', null, 'the Republic of Namibia', 'na', null, '温得和克', null, null, null, 'continent-AF', 'NAD', '264', null, null, null, 'left', '纳米比亚', true, true, null, null, null, null);
INSERT INTO "geo_country" ("id", "parent_id", "digital_code", "letter_code", "gec_code", "name", "english_name", "full_name", "english_full_name", "domain_suffix", "flag_url", "capital", "capital_latitude", "capital_longitude", "locale_dict_code", "continent_ocean_dict_code", "currency_dict_code", "calling_code", "timezone_utc", "date_format", "founding_day", "driving_side_dict_code", "remark", "active", "built_in", "create_user", "create_time", "update_user", "update_time") VALUES ('NCL', 'FRA', '540', 'NC', 'NC', '新喀里多尼亚', 'New Caledonia', null, '', 'nc', null, null, null, null, null, null, null, '687', '+11', null, null, 'right', '新喀里多尼亚', true, true, null, null, null, null);
INSERT INTO "geo_country" ("id", "parent_id", "digital_code", "letter_code", "gec_code", "name", "english_name", "full_name", "english_full_name", "domain_suffix", "flag_url", "capital", "capital_latitude", "capital_longitude", "locale_dict_code", "continent_ocean_dict_code", "currency_dict_code", "calling_code", "timezone_utc", "date_format", "founding_day", "driving_side_dict_code", "remark", "active", "built_in", "create_user", "create_time", "update_user", "update_time") VALUES ('NER', null, '562', 'NE', 'NG', '尼日尔', 'Niger (the)', null, 'the Republic of the Niger', 'ne', null, '尼亚美', null, null, null, 'continent-AF', null, '227', null, null, null, 'right', '尼日尔', true, true, null, null, null, null);
INSERT INTO "geo_country" ("id", "parent_id", "digital_code", "letter_code", "gec_code", "name", "english_name", "full_name", "english_full_name", "domain_suffix", "flag_url", "capital", "capital_latitude", "capital_longitude", "locale_dict_code", "continent_ocean_dict_code", "currency_dict_code", "calling_code", "timezone_utc", "date_format", "founding_day", "driving_side_dict_code", "remark", "active", "built_in", "create_user", "create_time", "update_user", "update_time") VALUES ('NFK', null, '574', 'NF', 'NF', '诺福克岛', 'Norfolk Island', null, '', 'nf', null, '金斯敦', null, null, null, null, null, '6723', null, null, null, 'left', '诺福克岛', true, true, null, null, null, null);
INSERT INTO "geo_country" ("id", "parent_id", "digital_code", "letter_code", "gec_code", "name", "english_name", "full_name", "english_full_name", "domain_suffix", "flag_url", "capital", "capital_latitude", "capital_longitude", "locale_dict_code", "continent_ocean_dict_code", "currency_dict_code", "calling_code", "timezone_utc", "date_format", "founding_day", "driving_side_dict_code", "remark", "active", "built_in", "create_user", "create_time", "update_user", "update_time") VALUES ('NGA', null, '566', 'NG', 'NI', '尼日利亚', 'Nigeria', null, 'the Federal Republic of Nigeria', 'ng', null, '阿布贾', null, null, null, 'continent-AF', 'NGN', '234', null, null, null, 'right', '尼日利亚', true, true, null, null, null, null);
INSERT INTO "geo_country" ("id", "parent_id", "digital_code", "letter_code", "gec_code", "name", "english_name", "full_name", "english_full_name", "domain_suffix", "flag_url", "capital", "capital_latitude", "capital_longitude", "locale_dict_code", "continent_ocean_dict_code", "currency_dict_code", "calling_code", "timezone_utc", "date_format", "founding_day", "driving_side_dict_code", "remark", "active", "built_in", "create_user", "create_time", "update_user", "update_time") VALUES ('NIC', null, '558', 'NI', 'NU', '尼加拉瓜', 'Nicaragua', null, 'the Republic of Nicaragua', 'ni', null, '马那瓜', 'N12.09', 'W86.17', 'es-NI', 'continent-NA', 'NIO', '505', '-6', null, null, 'right', '尼加拉瓜', true, true, null, null, null, null);
INSERT INTO "geo_country" ("id", "parent_id", "digital_code", "letter_code", "gec_code", "name", "english_name", "full_name", "english_full_name", "domain_suffix", "flag_url", "capital", "capital_latitude", "capital_longitude", "locale_dict_code", "continent_ocean_dict_code", "currency_dict_code", "calling_code", "timezone_utc", "date_format", "founding_day", "driving_side_dict_code", "remark", "active", "built_in", "create_user", "create_time", "update_user", "update_time") VALUES ('NLD', null, '528', 'NL', 'NL', '荷兰', 'Netherlands (the)', null, 'the Kingdom of the Netherlands', 'nl', null, '阿姆斯特丹', 'N52.22', 'E4.54', 'nl', 'continent-EU', null, '31', '+1', null, null, 'right', '荷兰', true, true, null, null, null, null);
INSERT INTO "geo_country" ("id", "parent_id", "digital_code", "letter_code", "gec_code", "name", "english_name", "full_name", "english_full_name", "domain_suffix", "flag_url", "capital", "capital_latitude", "capital_longitude", "locale_dict_code", "continent_ocean_dict_code", "currency_dict_code", "calling_code", "timezone_utc", "date_format", "founding_day", "driving_side_dict_code", "remark", "active", "built_in", "create_user", "create_time", "update_user", "update_time") VALUES ('NOR', null, '578', 'NO', 'NO', '挪威', 'Norway', null, 'the Kingdom of Norway', 'no', null, '奥斯陆', 'N59.56', 'E10.45', null, 'continent-EU', 'NOK', '47', '+1', null, null, 'right', '挪威', true, true, null, null, null, null);
INSERT INTO "geo_country" ("id", "parent_id", "digital_code", "letter_code", "gec_code", "name", "english_name", "full_name", "english_full_name", "domain_suffix", "flag_url", "capital", "capital_latitude", "capital_longitude", "locale_dict_code", "continent_ocean_dict_code", "currency_dict_code", "calling_code", "timezone_utc", "date_format", "founding_day", "driving_side_dict_code", "remark", "active", "built_in", "create_user", "create_time", "update_user", "update_time") VALUES ('NPL', null, '524', 'NP', 'NP', '尼泊尔', 'Nepal', null, 'Nepal', 'np', null, '加德满都', null, null, null, 'continent-AS', 'NPR', '977', null, null, null, 'left', '尼泊尔', true, true, null, null, null, null);
INSERT INTO "geo_country" ("id", "parent_id", "digital_code", "letter_code", "gec_code", "name", "english_name", "full_name", "english_full_name", "domain_suffix", "flag_url", "capital", "capital_latitude", "capital_longitude", "locale_dict_code", "continent_ocean_dict_code", "currency_dict_code", "calling_code", "timezone_utc", "date_format", "founding_day", "driving_side_dict_code", "remark", "active", "built_in", "create_user", "create_time", "update_user", "update_time") VALUES ('NRU', null, '520', 'NR', 'NR', '瑙鲁', 'Nauru', null, 'the Republic of Nauru', 'nr', null, '亚伦', null, null, null, 'continent-OC', null, '674', null, null, null, 'left', '瑙鲁', true, true, null, null, null, null);
INSERT INTO "geo_country" ("id", "parent_id", "digital_code", "letter_code", "gec_code", "name", "english_name", "full_name", "english_full_name", "domain_suffix", "flag_url", "capital", "capital_latitude", "capital_longitude", "locale_dict_code", "continent_ocean_dict_code", "currency_dict_code", "calling_code", "timezone_utc", "date_format", "founding_day", "driving_side_dict_code", "remark", "active", "built_in", "create_user", "create_time", "update_user", "update_time") VALUES ('NIU', null, '570', 'NU', 'NE', '纽埃', 'Niue', null, 'the Republic of Niue', 'nu', null, '阿洛菲', null, null, null, null, null, '683', null, null, null, 'right', '纽埃', true, true, null, null, null, null);
INSERT INTO "geo_country" ("id", "parent_id", "digital_code", "letter_code", "gec_code", "name", "english_name", "full_name", "english_full_name", "domain_suffix", "flag_url", "capital", "capital_latitude", "capital_longitude", "locale_dict_code", "continent_ocean_dict_code", "currency_dict_code", "calling_code", "timezone_utc", "date_format", "founding_day", "driving_side_dict_code", "remark", "active", "built_in", "create_user", "create_time", "update_user", "update_time") VALUES ('NZL', null, '554', 'NZ', 'NZ', '新西兰', 'New Zealand', null, '', 'nz', null, '惠灵顿', null, null, 'en-NZ', 'continent-OC', 'NZD', '64', null, null, null, 'left', '新西兰', true, true, null, null, null, null);
INSERT INTO "geo_country" ("id", "parent_id", "digital_code", "letter_code", "gec_code", "name", "english_name", "full_name", "english_full_name", "domain_suffix", "flag_url", "capital", "capital_latitude", "capital_longitude", "locale_dict_code", "continent_ocean_dict_code", "currency_dict_code", "calling_code", "timezone_utc", "date_format", "founding_day", "driving_side_dict_code", "remark", "active", "built_in", "create_user", "create_time", "update_user", "update_time") VALUES ('OMN', null, '512', 'OM', 'MU', '阿曼', 'Oman', null, 'the Sultanate of Oman', 'om', null, '马斯喀特', null, null, 'ar-OM', 'continent-AS', 'OMR', '968', null, null, null, 'right', '阿曼', true, true, null, null, null, null);
INSERT INTO "geo_country" ("id", "parent_id", "digital_code", "letter_code", "gec_code", "name", "english_name", "full_name", "english_full_name", "domain_suffix", "flag_url", "capital", "capital_latitude", "capital_longitude", "locale_dict_code", "continent_ocean_dict_code", "currency_dict_code", "calling_code", "timezone_utc", "date_format", "founding_day", "driving_side_dict_code", "remark", "active", "built_in", "create_user", "create_time", "update_user", "update_time") VALUES ('PAN', null, '591', 'PA', 'PM', '巴拿马', 'Panama', null, 'the Republic of Panama', 'pa', null, '巴拿马城', 'N8.58', 'W79.32', 'es-PA', 'continent-NA', null, '507', '-5', null, null, 'right', '巴拿马', true, true, null, null, null, null);
INSERT INTO "geo_country" ("id", "parent_id", "digital_code", "letter_code", "gec_code", "name", "english_name", "full_name", "english_full_name", "domain_suffix", "flag_url", "capital", "capital_latitude", "capital_longitude", "locale_dict_code", "continent_ocean_dict_code", "currency_dict_code", "calling_code", "timezone_utc", "date_format", "founding_day", "driving_side_dict_code", "remark", "active", "built_in", "create_user", "create_time", "update_user", "update_time") VALUES ('PER', null, '604', 'PE', 'PE', '秘鲁', 'Peru', null, 'the Republic of Peru', 'pe', null, '利马', 'S12.03', 'W77.03', 'es-PE', 'continent-SA', 'PEN', '51', '-5', null, null, 'right', '秘鲁', true, true, null, null, null, null);
INSERT INTO "geo_country" ("id", "parent_id", "digital_code", "letter_code", "gec_code", "name", "english_name", "full_name", "english_full_name", "domain_suffix", "flag_url", "capital", "capital_latitude", "capital_longitude", "locale_dict_code", "continent_ocean_dict_code", "currency_dict_code", "calling_code", "timezone_utc", "date_format", "founding_day", "driving_side_dict_code", "remark", "active", "built_in", "create_user", "create_time", "update_user", "update_time") VALUES ('PYF', 'FRA', '258', 'PF', 'FP', '法属波利尼西亚', 'French Polynesia', null, '', 'pf', null, '帕皮提', null, null, null, null, null, '689', null, null, null, 'right', '法属波利尼西亚', true, true, null, null, null, null);
INSERT INTO "geo_country" ("id", "parent_id", "digital_code", "letter_code", "gec_code", "name", "english_name", "full_name", "english_full_name", "domain_suffix", "flag_url", "capital", "capital_latitude", "capital_longitude", "locale_dict_code", "continent_ocean_dict_code", "currency_dict_code", "calling_code", "timezone_utc", "date_format", "founding_day", "driving_side_dict_code", "remark", "active", "built_in", "create_user", "create_time", "update_user", "update_time") VALUES ('PNG', null, '598', 'PG', 'PP', '巴布亚新几内亚', 'Papua New Guinea', null, '', 'pg', null, '莫尔兹比港', 'S9.30', 'E147.10', null, 'continent-OC', 'PGK', '675', '+10', null, null, 'left', '巴布亚新几内亚', true, true, null, null, null, null);
INSERT INTO "geo_country" ("id", "parent_id", "digital_code", "letter_code", "gec_code", "name", "english_name", "full_name", "english_full_name", "domain_suffix", "flag_url", "capital", "capital_latitude", "capital_longitude", "locale_dict_code", "continent_ocean_dict_code", "currency_dict_code", "calling_code", "timezone_utc", "date_format", "founding_day", "driving_side_dict_code", "remark", "active", "built_in", "create_user", "create_time", "update_user", "update_time") VALUES ('PHL', null, '608', 'PH', 'RP', '菲律宾', 'Philippines (the)', '菲律宾共和国', 'the Republic of the Philippines', 'ph', null, '马尼拉', null, null, null, 'continent-AS', 'PHP', '63', null, null, '1946-07-04', 'right', '菲律宾', true, true, null, null, null, null);
INSERT INTO "geo_country" ("id", "parent_id", "digital_code", "letter_code", "gec_code", "name", "english_name", "full_name", "english_full_name", "domain_suffix", "flag_url", "capital", "capital_latitude", "capital_longitude", "locale_dict_code", "continent_ocean_dict_code", "currency_dict_code", "calling_code", "timezone_utc", "date_format", "founding_day", "driving_side_dict_code", "remark", "active", "built_in", "create_user", "create_time", "update_user", "update_time") VALUES ('PAK', null, '586', 'PK', 'PK', '巴基斯坦', 'Pakistan', null, 'the Islamic Republic of Pakistan', 'pk', null, '伊斯兰堡', null, null, null, 'continent-AS', 'PKR', '92', null, null, '1947-08-14', 'left', '巴基斯坦', true, true, null, null, null, null);
INSERT INTO "geo_country" ("id", "parent_id", "digital_code", "letter_code", "gec_code", "name", "english_name", "full_name", "english_full_name", "domain_suffix", "flag_url", "capital", "capital_latitude", "capital_longitude", "locale_dict_code", "continent_ocean_dict_code", "currency_dict_code", "calling_code", "timezone_utc", "date_format", "founding_day", "driving_side_dict_code", "remark", "active", "built_in", "create_user", "create_time", "update_user", "update_time") VALUES ('POL', null, '616', 'PL', 'PL', '波兰', 'Poland', null, 'the Republic of Poland', 'pl', null, '华沙', 'N52.15', 'E21.00', 'pl', 'continent-EU', null, '48', '+1', null, null, 'right', '波兰', true, true, null, null, null, null);
INSERT INTO "geo_country" ("id", "parent_id", "digital_code", "letter_code", "gec_code", "name", "english_name", "full_name", "english_full_name", "domain_suffix", "flag_url", "capital", "capital_latitude", "capital_longitude", "locale_dict_code", "continent_ocean_dict_code", "currency_dict_code", "calling_code", "timezone_utc", "date_format", "founding_day", "driving_side_dict_code", "remark", "active", "built_in", "create_user", "create_time", "update_user", "update_time") VALUES ('SPM', 'FRA', '666', 'PM', 'SB', '圣皮埃尔和密克隆', 'Saint Pierre and Miquelon', null, '', 'pm', null, '圣皮埃尔市', null, null, null, null, null, '508', null, null, null, 'right', '圣皮埃尔和密克隆', true, true, null, null, null, null);
INSERT INTO "geo_country" ("id", "parent_id", "digital_code", "letter_code", "gec_code", "name", "english_name", "full_name", "english_full_name", "domain_suffix", "flag_url", "capital", "capital_latitude", "capital_longitude", "locale_dict_code", "continent_ocean_dict_code", "currency_dict_code", "calling_code", "timezone_utc", "date_format", "founding_day", "driving_side_dict_code", "remark", "active", "built_in", "create_user", "create_time", "update_user", "update_time") VALUES ('PCN', null, '612', 'PN', 'PC', '皮特凯恩群岛', 'Pitcairn', null, '', 'pn', null, null, null, null, null, null, null, null, null, null, null, 'left', '皮特凯恩群岛', true, true, null, null, null, null);
INSERT INTO "geo_country" ("id", "parent_id", "digital_code", "letter_code", "gec_code", "name", "english_name", "full_name", "english_full_name", "domain_suffix", "flag_url", "capital", "capital_latitude", "capital_longitude", "locale_dict_code", "continent_ocean_dict_code", "currency_dict_code", "calling_code", "timezone_utc", "date_format", "founding_day", "driving_side_dict_code", "remark", "active", "built_in", "create_user", "create_time", "update_user", "update_time") VALUES ('PRI', null, '630', 'PR', 'RQ', '波多黎各', 'Puerto Rico', null, '', 'pr', null, '圣胡安', null, null, 'es-PR', null, null, '1', null, null, null, 'right', '波多黎各', true, true, null, null, null, null);
INSERT INTO "geo_country" ("id", "parent_id", "digital_code", "letter_code", "gec_code", "name", "english_name", "full_name", "english_full_name", "domain_suffix", "flag_url", "capital", "capital_latitude", "capital_longitude", "locale_dict_code", "continent_ocean_dict_code", "currency_dict_code", "calling_code", "timezone_utc", "date_format", "founding_day", "driving_side_dict_code", "remark", "active", "built_in", "create_user", "create_time", "update_user", "update_time") VALUES ('PSE', null, '275', 'PS', 'GZ', '巴勒斯坦', 'Palestinian Territory (the Occupied)', null, 'the Occupied Palestinian Territory', 'ps', null, '耶路撒冷', null, null, null, 'continent-AS', null, '970', null, null, null, 'right', '巴勒斯坦', true, true, null, null, null, null);
INSERT INTO "geo_country" ("id", "parent_id", "digital_code", "letter_code", "gec_code", "name", "english_name", "full_name", "english_full_name", "domain_suffix", "flag_url", "capital", "capital_latitude", "capital_longitude", "locale_dict_code", "continent_ocean_dict_code", "currency_dict_code", "calling_code", "timezone_utc", "date_format", "founding_day", "driving_side_dict_code", "remark", "active", "built_in", "create_user", "create_time", "update_user", "update_time") VALUES ('PRT', null, '620', 'PT', 'PO', '葡萄牙', 'Portugal', null, 'the Portuguese Republic', 'pt', null, '里斯本', 'N38.43', 'W9.08', 'pt', 'continent-EU', null, '351', '0', null, null, 'right', '葡萄牙', true, true, null, null, null, null);
INSERT INTO "geo_country" ("id", "parent_id", "digital_code", "letter_code", "gec_code", "name", "english_name", "full_name", "english_full_name", "domain_suffix", "flag_url", "capital", "capital_latitude", "capital_longitude", "locale_dict_code", "continent_ocean_dict_code", "currency_dict_code", "calling_code", "timezone_utc", "date_format", "founding_day", "driving_side_dict_code", "remark", "active", "built_in", "create_user", "create_time", "update_user", "update_time") VALUES ('PLW', null, '585', 'PW', 'PS', '帕劳', 'Palau', null, 'the Republic of Palau', 'pw', null, '梅莱凯奥克', null, null, null, 'continent-OC', null, '680', null, null, null, 'right', '帕劳', true, true, null, null, null, null);
INSERT INTO "geo_country" ("id", "parent_id", "digital_code", "letter_code", "gec_code", "name", "english_name", "full_name", "english_full_name", "domain_suffix", "flag_url", "capital", "capital_latitude", "capital_longitude", "locale_dict_code", "continent_ocean_dict_code", "currency_dict_code", "calling_code", "timezone_utc", "date_format", "founding_day", "driving_side_dict_code", "remark", "active", "built_in", "create_user", "create_time", "update_user", "update_time") VALUES ('PRY', null, '600', 'PY', 'PA', '巴拉圭', 'Paraguay', null, 'the Republic of Paraguay', 'py', null, '亚松森', 'S25.16', 'W57.40', 'es-PY', 'continent-SA', 'PYG', '595', '-3', null, null, 'right', '巴拉圭', true, true, null, null, null, null);
INSERT INTO "geo_country" ("id", "parent_id", "digital_code", "letter_code", "gec_code", "name", "english_name", "full_name", "english_full_name", "domain_suffix", "flag_url", "capital", "capital_latitude", "capital_longitude", "locale_dict_code", "continent_ocean_dict_code", "currency_dict_code", "calling_code", "timezone_utc", "date_format", "founding_day", "driving_side_dict_code", "remark", "active", "built_in", "create_user", "create_time", "update_user", "update_time") VALUES ('QAT', null, '634', 'QA', 'QA', '卡塔尔', 'Qatar', null, 'the State of Qatar', 'qa', null, '多哈', null, null, 'ar-QA', 'continent-AS', 'QAR', '974', null, null, null, 'right', '卡塔尔', true, true, null, null, null, null);
INSERT INTO "geo_country" ("id", "parent_id", "digital_code", "letter_code", "gec_code", "name", "english_name", "full_name", "english_full_name", "domain_suffix", "flag_url", "capital", "capital_latitude", "capital_longitude", "locale_dict_code", "continent_ocean_dict_code", "currency_dict_code", "calling_code", "timezone_utc", "date_format", "founding_day", "driving_side_dict_code", "remark", "active", "built_in", "create_user", "create_time", "update_user", "update_time") VALUES ('REU', null, '638', 'RE', 'RE', '留尼汪', 'Réunion', null, '', 're', null, '圣但尼', null, null, null, null, null, null, null, null, null, 'right', '留尼汪', true, true, null, null, null, null);
INSERT INTO "geo_country" ("id", "parent_id", "digital_code", "letter_code", "gec_code", "name", "english_name", "full_name", "english_full_name", "domain_suffix", "flag_url", "capital", "capital_latitude", "capital_longitude", "locale_dict_code", "continent_ocean_dict_code", "currency_dict_code", "calling_code", "timezone_utc", "date_format", "founding_day", "driving_side_dict_code", "remark", "active", "built_in", "create_user", "create_time", "update_user", "update_time") VALUES ('ROU', null, '642', 'RO', 'RO', '罗马尼亚', 'Romania', null, '', 'ro', null, '布加勒斯特', 'N44.26', 'E26.06', 'ro', 'continent-EU', null, '40', '+2', null, null, 'right', '罗马尼亚', true, true, null, null, null, null);
INSERT INTO "geo_country" ("id", "parent_id", "digital_code", "letter_code", "gec_code", "name", "english_name", "full_name", "english_full_name", "domain_suffix", "flag_url", "capital", "capital_latitude", "capital_longitude", "locale_dict_code", "continent_ocean_dict_code", "currency_dict_code", "calling_code", "timezone_utc", "date_format", "founding_day", "driving_side_dict_code", "remark", "active", "built_in", "create_user", "create_time", "update_user", "update_time") VALUES ('SRB', null, '688', 'RS', 'RI', '塞尔维亚', 'Serbia', null, 'the Republic of Serbia', 'rs', null, '贝尔格莱德', 'N44.50', 'E20.30', 'sr', 'continent-EU', null, '381', '+1', null, null, 'right', '塞尔维亚', true, true, null, null, null, null);
INSERT INTO "geo_country" ("id", "parent_id", "digital_code", "letter_code", "gec_code", "name", "english_name", "full_name", "english_full_name", "domain_suffix", "flag_url", "capital", "capital_latitude", "capital_longitude", "locale_dict_code", "continent_ocean_dict_code", "currency_dict_code", "calling_code", "timezone_utc", "date_format", "founding_day", "driving_side_dict_code", "remark", "active", "built_in", "create_user", "create_time", "update_user", "update_time") VALUES ('RUS', null, '643', 'RU', 'RS', '俄罗斯', 'Russian Federation (the)', null, 'the Russian Federation', 'ru', null, '莫斯科', 'N55.45', 'E37.35', null, 'continent-EU', 'RUB', '7', '+3', null, null, 'right', '俄罗斯', true, true, null, null, null, null);
INSERT INTO "geo_country" ("id", "parent_id", "digital_code", "letter_code", "gec_code", "name", "english_name", "full_name", "english_full_name", "domain_suffix", "flag_url", "capital", "capital_latitude", "capital_longitude", "locale_dict_code", "continent_ocean_dict_code", "currency_dict_code", "calling_code", "timezone_utc", "date_format", "founding_day", "driving_side_dict_code", "remark", "active", "built_in", "create_user", "create_time", "update_user", "update_time") VALUES ('RWA', null, '646', 'RW', 'RW', '卢旺达', 'Rwanda', null, 'the Republic of Rwanda', 'rw', null, '基加利', 'S1.57', 'E30.04', null, 'continent-AF', 'RWF', '250', '+2', null, null, 'right', '卢旺达', true, true, null, null, null, null);
INSERT INTO "geo_country" ("id", "parent_id", "digital_code", "letter_code", "gec_code", "name", "english_name", "full_name", "english_full_name", "domain_suffix", "flag_url", "capital", "capital_latitude", "capital_longitude", "locale_dict_code", "continent_ocean_dict_code", "currency_dict_code", "calling_code", "timezone_utc", "date_format", "founding_day", "driving_side_dict_code", "remark", "active", "built_in", "create_user", "create_time", "update_user", "update_time") VALUES ('SAU', null, '682', 'SA', 'SA', '沙特阿拉伯', 'Saudi Arabia', null, 'the Kingdom of Saudi Arabia', 'sa', null, '利雅得', null, null, 'ar-SA', 'continent-AS', 'SAR', '966', null, null, null, 'right', '沙特阿拉伯', true, true, null, null, null, null);
INSERT INTO "geo_country" ("id", "parent_id", "digital_code", "letter_code", "gec_code", "name", "english_name", "full_name", "english_full_name", "domain_suffix", "flag_url", "capital", "capital_latitude", "capital_longitude", "locale_dict_code", "continent_ocean_dict_code", "currency_dict_code", "calling_code", "timezone_utc", "date_format", "founding_day", "driving_side_dict_code", "remark", "active", "built_in", "create_user", "create_time", "update_user", "update_time") VALUES ('SLB', null, '90', 'SB', 'BP', '所罗门群岛', 'Solomon Islands (the)', null, '', 'sb', null, '霍尼亚拉', 'S9.27', 'E159.57', null, 'continent-OC', 'SBD', '677', '+11', null, null, 'right', '所罗门群岛', true, true, null, null, null, null);
INSERT INTO "geo_country" ("id", "parent_id", "digital_code", "letter_code", "gec_code", "name", "english_name", "full_name", "english_full_name", "domain_suffix", "flag_url", "capital", "capital_latitude", "capital_longitude", "locale_dict_code", "continent_ocean_dict_code", "currency_dict_code", "calling_code", "timezone_utc", "date_format", "founding_day", "driving_side_dict_code", "remark", "active", "built_in", "create_user", "create_time", "update_user", "update_time") VALUES ('SYC', null, '690', 'SC', 'SE', '塞舌尔', 'Seychelles', null, 'the Republic of Seychelles', 'sc', null, '维多利亚', null, null, null, 'continent-AF', 'SCR', '248', null, null, null, 'left', '塞舌尔', true, true, null, null, null, null);
INSERT INTO "geo_country" ("id", "parent_id", "digital_code", "letter_code", "gec_code", "name", "english_name", "full_name", "english_full_name", "domain_suffix", "flag_url", "capital", "capital_latitude", "capital_longitude", "locale_dict_code", "continent_ocean_dict_code", "currency_dict_code", "calling_code", "timezone_utc", "date_format", "founding_day", "driving_side_dict_code", "remark", "active", "built_in", "create_user", "create_time", "update_user", "update_time") VALUES ('SDN', null, '729', 'SD', 'SU', '苏丹', 'Sudan (the)', null, 'the Republic of the Sudan', 'sd', null, '喀土穆', 'N15.36', 'E32.32', null, 'continent-AF', null, '249', '+2', null, null, 'right', '苏丹', true, true, null, null, null, null);
INSERT INTO "geo_country" ("id", "parent_id", "digital_code", "letter_code", "gec_code", "name", "english_name", "full_name", "english_full_name", "domain_suffix", "flag_url", "capital", "capital_latitude", "capital_longitude", "locale_dict_code", "continent_ocean_dict_code", "currency_dict_code", "calling_code", "timezone_utc", "date_format", "founding_day", "driving_side_dict_code", "remark", "active", "built_in", "create_user", "create_time", "update_user", "update_time") VALUES ('SWE', null, '752', 'SE', 'SW', '瑞典', 'Sweden', null, 'the Kingdom of Sweden', 'se', null, '斯德哥尔摩', 'N59.20', 'E18.03', 'sv', 'continent-EU', 'SEK', '46', '+1', null, null, 'right', '瑞典', true, true, null, null, null, null);
INSERT INTO "geo_country" ("id", "parent_id", "digital_code", "letter_code", "gec_code", "name", "english_name", "full_name", "english_full_name", "domain_suffix", "flag_url", "capital", "capital_latitude", "capital_longitude", "locale_dict_code", "continent_ocean_dict_code", "currency_dict_code", "calling_code", "timezone_utc", "date_format", "founding_day", "driving_side_dict_code", "remark", "active", "built_in", "create_user", "create_time", "update_user", "update_time") VALUES ('SGP', null, '702', 'SG', 'SN', '新加坡', 'Singapore', null, 'the Republic of Singapore', 'sg', null, '新加坡', null, null, 'zh-SG', 'continent-AS', 'SGD', '65', '+8', null, '1965-08-09', 'left', '新加坡', true, true, null, null, null, null);
INSERT INTO "geo_country" ("id", "parent_id", "digital_code", "letter_code", "gec_code", "name", "english_name", "full_name", "english_full_name", "domain_suffix", "flag_url", "capital", "capital_latitude", "capital_longitude", "locale_dict_code", "continent_ocean_dict_code", "currency_dict_code", "calling_code", "timezone_utc", "date_format", "founding_day", "driving_side_dict_code", "remark", "active", "built_in", "create_user", "create_time", "update_user", "update_time") VALUES ('SHN', null, '654', 'SH', 'SH', '圣赫勒拿', 'Saint Helena', null, '', 'sh', null, '詹姆斯敦', null, null, null, null, 'SHP', '290', null, null, null, 'right', '圣赫勒拿、阿森松和特里斯坦-达库尼亚', true, true, null, null, null, null);
INSERT INTO "geo_country" ("id", "parent_id", "digital_code", "letter_code", "gec_code", "name", "english_name", "full_name", "english_full_name", "domain_suffix", "flag_url", "capital", "capital_latitude", "capital_longitude", "locale_dict_code", "continent_ocean_dict_code", "currency_dict_code", "calling_code", "timezone_utc", "date_format", "founding_day", "driving_side_dict_code", "remark", "active", "built_in", "create_user", "create_time", "update_user", "update_time") VALUES ('SVN', null, '705', 'SI', 'SI', '斯洛文尼亚', 'Slovenia', null, 'the Republic of Slovenia', 'si', null, '卢布尔雅那', 'N46.03', 'E14.31', 'sl', 'continent-EU', 'SIT', '386', '+1', null, null, 'right', '斯洛文尼亚', true, true, null, null, null, null);
INSERT INTO "geo_country" ("id", "parent_id", "digital_code", "letter_code", "gec_code", "name", "english_name", "full_name", "english_full_name", "domain_suffix", "flag_url", "capital", "capital_latitude", "capital_longitude", "locale_dict_code", "continent_ocean_dict_code", "currency_dict_code", "calling_code", "timezone_utc", "date_format", "founding_day", "driving_side_dict_code", "remark", "active", "built_in", "create_user", "create_time", "update_user", "update_time") VALUES ('SVK', null, '703', 'SK', 'LO', '斯洛伐克', 'Slovakia', null, 'the Slovak Republic', 'sk', null, '布拉迪斯拉发', 'N48.10', 'E17.10', 'sk', 'continent-EU', null, '421', '+1', null, null, 'right', '斯洛伐克', true, true, null, null, null, null);
INSERT INTO "geo_country" ("id", "parent_id", "digital_code", "letter_code", "gec_code", "name", "english_name", "full_name", "english_full_name", "domain_suffix", "flag_url", "capital", "capital_latitude", "capital_longitude", "locale_dict_code", "continent_ocean_dict_code", "currency_dict_code", "calling_code", "timezone_utc", "date_format", "founding_day", "driving_side_dict_code", "remark", "active", "built_in", "create_user", "create_time", "update_user", "update_time") VALUES ('SLE', null, '694', 'SL', 'SL', '塞拉利昂', 'Sierra Leone', null, 'the Republic of Sierra Leone', 'sl', null, '弗里敦', null, null, null, 'continent-AF', 'SLL', '232', null, null, null, 'right', '塞拉利昂', true, true, null, null, null, null);
INSERT INTO "geo_country" ("id", "parent_id", "digital_code", "letter_code", "gec_code", "name", "english_name", "full_name", "english_full_name", "domain_suffix", "flag_url", "capital", "capital_latitude", "capital_longitude", "locale_dict_code", "continent_ocean_dict_code", "currency_dict_code", "calling_code", "timezone_utc", "date_format", "founding_day", "driving_side_dict_code", "remark", "active", "built_in", "create_user", "create_time", "update_user", "update_time") VALUES ('SMR', null, '674', 'SM', 'SM', '圣马力诺', 'San Marino', null, 'the Republic of San Marino', 'sm', null, '圣马力诺', null, null, null, 'continent-EU', null, '378', null, null, null, 'right', '圣马力诺', true, true, null, null, null, null);
INSERT INTO "geo_country" ("id", "parent_id", "digital_code", "letter_code", "gec_code", "name", "english_name", "full_name", "english_full_name", "domain_suffix", "flag_url", "capital", "capital_latitude", "capital_longitude", "locale_dict_code", "continent_ocean_dict_code", "currency_dict_code", "calling_code", "timezone_utc", "date_format", "founding_day", "driving_side_dict_code", "remark", "active", "built_in", "create_user", "create_time", "update_user", "update_time") VALUES ('SEN', null, '686', 'SN', 'SG', '塞内加尔', 'Senegal', null, 'the Republic of Senegal', 'sn', null, '达喀尔', 'N14.40', 'W17.26', null, 'continent-AF', null, '221', '0', null, null, 'right', '塞内加尔', true, true, null, null, null, null);
INSERT INTO "geo_country" ("id", "parent_id", "digital_code", "letter_code", "gec_code", "name", "english_name", "full_name", "english_full_name", "domain_suffix", "flag_url", "capital", "capital_latitude", "capital_longitude", "locale_dict_code", "continent_ocean_dict_code", "currency_dict_code", "calling_code", "timezone_utc", "date_format", "founding_day", "driving_side_dict_code", "remark", "active", "built_in", "create_user", "create_time", "update_user", "update_time") VALUES ('SOM', null, '706', 'SO', 'SO', '索马里', 'Somalia', null, 'the Somali Republic', 'so', null, '摩加迪沙', 'N2.01', 'E45.20', null, 'continent-AF', 'SOS', '252', '+3', null, null, 'left', '索马里', true, true, null, null, null, null);
INSERT INTO "geo_country" ("id", "parent_id", "digital_code", "letter_code", "gec_code", "name", "english_name", "full_name", "english_full_name", "domain_suffix", "flag_url", "capital", "capital_latitude", "capital_longitude", "locale_dict_code", "continent_ocean_dict_code", "currency_dict_code", "calling_code", "timezone_utc", "date_format", "founding_day", "driving_side_dict_code", "remark", "active", "built_in", "create_user", "create_time", "update_user", "update_time") VALUES ('SUR', null, '740', 'SR', 'NS', '苏里南', 'Suriname', null, 'the Republic of Suriname', 'sr', null, '帕拉马里博', 'N5.50', 'W55.10', null, 'continent-SA', null, '597', '-3', null, null, 'left', '苏里南', true, true, null, null, null, null);
INSERT INTO "geo_country" ("id", "parent_id", "digital_code", "letter_code", "gec_code", "name", "english_name", "full_name", "english_full_name", "domain_suffix", "flag_url", "capital", "capital_latitude", "capital_longitude", "locale_dict_code", "continent_ocean_dict_code", "currency_dict_code", "calling_code", "timezone_utc", "date_format", "founding_day", "driving_side_dict_code", "remark", "active", "built_in", "create_user", "create_time", "update_user", "update_time") VALUES ('SSD', null, '728', 'SS', 'OD', '南苏丹', null, null, null, 'ss', null, '朱巴', null, null, null, 'continent-AF', null, '211', null, null, null, 'right', '南苏丹', true, true, null, null, null, null);
INSERT INTO "geo_country" ("id", "parent_id", "digital_code", "letter_code", "gec_code", "name", "english_name", "full_name", "english_full_name", "domain_suffix", "flag_url", "capital", "capital_latitude", "capital_longitude", "locale_dict_code", "continent_ocean_dict_code", "currency_dict_code", "calling_code", "timezone_utc", "date_format", "founding_day", "driving_side_dict_code", "remark", "active", "built_in", "create_user", "create_time", "update_user", "update_time") VALUES ('STP', null, '678', 'ST', 'TP', '圣多美和普林西比', 'Sao Tome and Principe', null, 'the Democratic Republic of Sao Tome and Principe', 'st', null, '圣多美', null, null, null, 'continent-AF', 'STD', '239', null, null, null, 'right', '圣多美和普林西比', true, true, null, null, null, null);
INSERT INTO "geo_country" ("id", "parent_id", "digital_code", "letter_code", "gec_code", "name", "english_name", "full_name", "english_full_name", "domain_suffix", "flag_url", "capital", "capital_latitude", "capital_longitude", "locale_dict_code", "continent_ocean_dict_code", "currency_dict_code", "calling_code", "timezone_utc", "date_format", "founding_day", "driving_side_dict_code", "remark", "active", "built_in", "create_user", "create_time", "update_user", "update_time") VALUES ('SLV', null, '222', 'SV', 'ES', '萨尔瓦多', 'El Salvador', null, 'the Republic of El Salvador', 'sv', null, '圣萨尔瓦多', 'N13.42', 'W89.12', 'es-SV', 'continent-NA', 'SVC', '503', '-6', null, null, 'right', '萨尔瓦多', true, true, null, null, null, null);
INSERT INTO "geo_country" ("id", "parent_id", "digital_code", "letter_code", "gec_code", "name", "english_name", "full_name", "english_full_name", "domain_suffix", "flag_url", "capital", "capital_latitude", "capital_longitude", "locale_dict_code", "continent_ocean_dict_code", "currency_dict_code", "calling_code", "timezone_utc", "date_format", "founding_day", "driving_side_dict_code", "remark", "active", "built_in", "create_user", "create_time", "update_user", "update_time") VALUES ('SXM', 'NLD', '534', 'SX', 'NN', '圣马丁', null, null, null, 'sx', null, 'Philipsburg', null, null, null, null, null, null, null, null, null, 'right', '圣马丁', true, true, null, null, null, null);
INSERT INTO "geo_country" ("id", "parent_id", "digital_code", "letter_code", "gec_code", "name", "english_name", "full_name", "english_full_name", "domain_suffix", "flag_url", "capital", "capital_latitude", "capital_longitude", "locale_dict_code", "continent_ocean_dict_code", "currency_dict_code", "calling_code", "timezone_utc", "date_format", "founding_day", "driving_side_dict_code", "remark", "active", "built_in", "create_user", "create_time", "update_user", "update_time") VALUES ('SYR', null, '760', 'SY', 'SY', '叙利亚', 'Syrian Arab Republic (the)', null, 'the Syrian Arab Republic', 'sy', null, '大马士革', null, null, 'ar-SY', 'continent-AS', 'SYP', '963', null, null, null, 'right', '叙利亚', true, true, null, null, null, null);
INSERT INTO "geo_country" ("id", "parent_id", "digital_code", "letter_code", "gec_code", "name", "english_name", "full_name", "english_full_name", "domain_suffix", "flag_url", "capital", "capital_latitude", "capital_longitude", "locale_dict_code", "continent_ocean_dict_code", "currency_dict_code", "calling_code", "timezone_utc", "date_format", "founding_day", "driving_side_dict_code", "remark", "active", "built_in", "create_user", "create_time", "update_user", "update_time") VALUES ('SWZ', null, '748', 'SZ', 'WZ', '斯威士兰', 'Swaziland', null, 'the Kingdom of Swaziland', 'sz', null, '姆巴巴纳', null, null, null, 'continent-AF', 'SZL', '268', null, null, null, 'left', '斯威士兰', true, true, null, null, null, null);
INSERT INTO "geo_country" ("id", "parent_id", "digital_code", "letter_code", "gec_code", "name", "english_name", "full_name", "english_full_name", "domain_suffix", "flag_url", "capital", "capital_latitude", "capital_longitude", "locale_dict_code", "continent_ocean_dict_code", "currency_dict_code", "calling_code", "timezone_utc", "date_format", "founding_day", "driving_side_dict_code", "remark", "active", "built_in", "create_user", "create_time", "update_user", "update_time") VALUES ('TCA', null, '796', 'TC', 'TK', '特克斯和凯科斯群岛', 'Turks and Caicos Islands (the)', null, '', 'tc', null, '科伯恩城', null, null, null, null, null, '1', '-5', null, null, 'left', '特克斯和凯科斯群岛', true, true, null, null, null, null);
INSERT INTO "geo_country" ("id", "parent_id", "digital_code", "letter_code", "gec_code", "name", "english_name", "full_name", "english_full_name", "domain_suffix", "flag_url", "capital", "capital_latitude", "capital_longitude", "locale_dict_code", "continent_ocean_dict_code", "currency_dict_code", "calling_code", "timezone_utc", "date_format", "founding_day", "driving_side_dict_code", "remark", "active", "built_in", "create_user", "create_time", "update_user", "update_time") VALUES ('TCD', null, '148', 'TD', 'CD', '乍得', 'Chad', null, 'the Republic of Chad', 'td', null, '恩贾梅纳', 'N12.07', 'E15.03', null, 'continent-AF', null, '235', '+1', null, null, 'right', '乍得', true, true, null, null, null, null);
INSERT INTO "geo_country" ("id", "parent_id", "digital_code", "letter_code", "gec_code", "name", "english_name", "full_name", "english_full_name", "domain_suffix", "flag_url", "capital", "capital_latitude", "capital_longitude", "locale_dict_code", "continent_ocean_dict_code", "currency_dict_code", "calling_code", "timezone_utc", "date_format", "founding_day", "driving_side_dict_code", "remark", "active", "built_in", "create_user", "create_time", "update_user", "update_time") VALUES ('ATF', 'FRA', '260', 'TF', 'FS', '法属南方和南极洲领地', 'French Southern Territories (the)', null, '', 'tf', null, null, null, null, null, null, null, null, null, null, null, 'right', '法属南方和南极洲领地', true, true, null, null, null, null);
INSERT INTO "geo_country" ("id", "parent_id", "digital_code", "letter_code", "gec_code", "name", "english_name", "full_name", "english_full_name", "domain_suffix", "flag_url", "capital", "capital_latitude", "capital_longitude", "locale_dict_code", "continent_ocean_dict_code", "currency_dict_code", "calling_code", "timezone_utc", "date_format", "founding_day", "driving_side_dict_code", "remark", "active", "built_in", "create_user", "create_time", "update_user", "update_time") VALUES ('TGO', null, '768', 'TG', 'TO', '多哥', 'Togo', null, 'the Togolese Republic', 'tg', null, '洛美', null, null, null, 'continent-AF', null, '228', null, null, null, 'right', '多哥', true, true, null, null, null, null);
INSERT INTO "geo_country" ("id", "parent_id", "digital_code", "letter_code", "gec_code", "name", "english_name", "full_name", "english_full_name", "domain_suffix", "flag_url", "capital", "capital_latitude", "capital_longitude", "locale_dict_code", "continent_ocean_dict_code", "currency_dict_code", "calling_code", "timezone_utc", "date_format", "founding_day", "driving_side_dict_code", "remark", "active", "built_in", "create_user", "create_time", "update_user", "update_time") VALUES ('THA', null, '764', 'TH', 'TH', '泰国', 'Thailand', null, 'the Kingdom of Thailand', 'th', null, '曼谷', null, null, null, 'continent-AS', 'THB', '66', null, null, null, 'left', '泰国', true, true, null, null, null, null);
INSERT INTO "geo_country" ("id", "parent_id", "digital_code", "letter_code", "gec_code", "name", "english_name", "full_name", "english_full_name", "domain_suffix", "flag_url", "capital", "capital_latitude", "capital_longitude", "locale_dict_code", "continent_ocean_dict_code", "currency_dict_code", "calling_code", "timezone_utc", "date_format", "founding_day", "driving_side_dict_code", "remark", "active", "built_in", "create_user", "create_time", "update_user", "update_time") VALUES ('TJK', null, '762', 'TJ', 'TI', '塔吉克斯坦', 'Tajikistan', null, 'the Republic of Tajikistan', 'tj', null, '杜尚别', null, null, null, 'continent-AS', null, '992', null, null, null, 'right', '塔吉克斯坦', true, true, null, null, null, null);
INSERT INTO "geo_country" ("id", "parent_id", "digital_code", "letter_code", "gec_code", "name", "english_name", "full_name", "english_full_name", "domain_suffix", "flag_url", "capital", "capital_latitude", "capital_longitude", "locale_dict_code", "continent_ocean_dict_code", "currency_dict_code", "calling_code", "timezone_utc", "date_format", "founding_day", "driving_side_dict_code", "remark", "active", "built_in", "create_user", "create_time", "update_user", "update_time") VALUES ('TKL', 'NZL', '772', 'TK', 'TL', '托克劳', 'Tokelau', null, '', 'tk', null, null, null, null, null, null, null, '690', null, null, null, 'left', '托克劳,属于新西兰', true, true, null, null, null, null);
INSERT INTO "geo_country" ("id", "parent_id", "digital_code", "letter_code", "gec_code", "name", "english_name", "full_name", "english_full_name", "domain_suffix", "flag_url", "capital", "capital_latitude", "capital_longitude", "locale_dict_code", "continent_ocean_dict_code", "currency_dict_code", "calling_code", "timezone_utc", "date_format", "founding_day", "driving_side_dict_code", "remark", "active", "built_in", "create_user", "create_time", "update_user", "update_time") VALUES ('TLS', null, '626', 'TL', 'TT', '东帝汶', 'Timor-Leste', null, 'the Democratic Republic of Timor-Leste', 'tl', null, '帝力', null, null, null, 'continent-AS', null, '882', null, null, '2002-05-20', 'right', '东帝汶', true, true, null, null, null, null);
INSERT INTO "geo_country" ("id", "parent_id", "digital_code", "letter_code", "gec_code", "name", "english_name", "full_name", "english_full_name", "domain_suffix", "flag_url", "capital", "capital_latitude", "capital_longitude", "locale_dict_code", "continent_ocean_dict_code", "currency_dict_code", "calling_code", "timezone_utc", "date_format", "founding_day", "driving_side_dict_code", "remark", "active", "built_in", "create_user", "create_time", "update_user", "update_time") VALUES ('TKM', null, '795', 'TM', 'TX', '土库曼斯坦', 'Turkmenistan', null, '', 'tm', null, '阿什哈巴德', null, null, null, 'continent-AS', null, '993', null, null, null, 'right', '土库曼斯坦', true, true, null, null, null, null);
INSERT INTO "geo_country" ("id", "parent_id", "digital_code", "letter_code", "gec_code", "name", "english_name", "full_name", "english_full_name", "domain_suffix", "flag_url", "capital", "capital_latitude", "capital_longitude", "locale_dict_code", "continent_ocean_dict_code", "currency_dict_code", "calling_code", "timezone_utc", "date_format", "founding_day", "driving_side_dict_code", "remark", "active", "built_in", "create_user", "create_time", "update_user", "update_time") VALUES ('TUN', null, '788', 'TN', 'TS', '突尼斯', 'Tunisia', null, 'the Republic of Tunisia', 'tn', null, '突尼斯', 'N36.48', 'E10.11', 'ar-TN', 'continent-AF', 'TND', '216', '+1', null, null, 'right', '突尼斯', true, true, null, null, null, null);
INSERT INTO "geo_country" ("id", "parent_id", "digital_code", "letter_code", "gec_code", "name", "english_name", "full_name", "english_full_name", "domain_suffix", "flag_url", "capital", "capital_latitude", "capital_longitude", "locale_dict_code", "continent_ocean_dict_code", "currency_dict_code", "calling_code", "timezone_utc", "date_format", "founding_day", "driving_side_dict_code", "remark", "active", "built_in", "create_user", "create_time", "update_user", "update_time") VALUES ('TON', null, '776', 'TO', 'TN', '汤加', 'Tonga', null, 'the Kingdom of Tonga', 'to', null, '努库阿洛法', null, null, null, 'continent-OC', 'TOP', '676', null, null, null, 'left', '汤加', true, true, null, null, null, null);
INSERT INTO "geo_country" ("id", "parent_id", "digital_code", "letter_code", "gec_code", "name", "english_name", "full_name", "english_full_name", "domain_suffix", "flag_url", "capital", "capital_latitude", "capital_longitude", "locale_dict_code", "continent_ocean_dict_code", "currency_dict_code", "calling_code", "timezone_utc", "date_format", "founding_day", "driving_side_dict_code", "remark", "active", "built_in", "create_user", "create_time", "update_user", "update_time") VALUES ('TUR', null, '792', 'TR', 'TU', '土耳其', 'Turkey', null, 'the Republic of Turkey', 'tr', null, '安卡拉', null, null, null, 'continent-AS', null, '90', null, null, null, 'right', '土耳其', true, true, null, null, null, null);
INSERT INTO "geo_country" ("id", "parent_id", "digital_code", "letter_code", "gec_code", "name", "english_name", "full_name", "english_full_name", "domain_suffix", "flag_url", "capital", "capital_latitude", "capital_longitude", "locale_dict_code", "continent_ocean_dict_code", "currency_dict_code", "calling_code", "timezone_utc", "date_format", "founding_day", "driving_side_dict_code", "remark", "active", "built_in", "create_user", "create_time", "update_user", "update_time") VALUES ('TTO', null, '780', 'TT', 'TD', '特立尼达和多巴哥', 'Trinidad and Tobago', null, 'the Republic of Trinidad and Tobago', 'tt', null, '西班牙港', null, null, null, 'continent-NA', 'TTD', '1', null, null, null, 'left', '特立尼达和多巴哥', true, true, null, null, null, null);
INSERT INTO "geo_country" ("id", "parent_id", "digital_code", "letter_code", "gec_code", "name", "english_name", "full_name", "english_full_name", "domain_suffix", "flag_url", "capital", "capital_latitude", "capital_longitude", "locale_dict_code", "continent_ocean_dict_code", "currency_dict_code", "calling_code", "timezone_utc", "date_format", "founding_day", "driving_side_dict_code", "remark", "active", "built_in", "create_user", "create_time", "update_user", "update_time") VALUES ('TUV', null, '798', 'TV', 'TV', '图瓦卢', 'Tuvalu', null, '', 'tv', null, '富纳富提', null, null, null, 'continent-OC', null, '688', null, null, null, 'left', '图瓦卢', true, true, null, null, null, null);
INSERT INTO "geo_country" ("id", "parent_id", "digital_code", "letter_code", "gec_code", "name", "english_name", "full_name", "english_full_name", "domain_suffix", "flag_url", "capital", "capital_latitude", "capital_longitude", "locale_dict_code", "continent_ocean_dict_code", "currency_dict_code", "calling_code", "timezone_utc", "date_format", "founding_day", "driving_side_dict_code", "remark", "active", "built_in", "create_user", "create_time", "update_user", "update_time") VALUES ('TWN', 'CHN', '158', 'TW', 'TW', '中国台湾', 'Taiwan (Province of China)', '中国台湾省', '', 'tw', null, '北京', null, null, 'zh-TW', 'continent-AS', 'TWD', '886', '+8', 'yyyy-mm-dd', '1949-10-01', 'right', '中国台湾', true, true, null, null, null, null);
INSERT INTO "geo_country" ("id", "parent_id", "digital_code", "letter_code", "gec_code", "name", "english_name", "full_name", "english_full_name", "domain_suffix", "flag_url", "capital", "capital_latitude", "capital_longitude", "locale_dict_code", "continent_ocean_dict_code", "currency_dict_code", "calling_code", "timezone_utc", "date_format", "founding_day", "driving_side_dict_code", "remark", "active", "built_in", "create_user", "create_time", "update_user", "update_time") VALUES ('TZA', null, '834', 'TZ', 'TZ', '坦桑尼亚', 'Tanzania,United Republic of', null, 'the United Republic of Tanzania', 'tz', null, '达累斯萨拉姆', 'N6.48', 'E39.17', null, 'continent-AF', 'TZS', '255', '+3', null, null, 'left', '坦桑尼亚', true, true, null, null, null, null);
INSERT INTO "geo_country" ("id", "parent_id", "digital_code", "letter_code", "gec_code", "name", "english_name", "full_name", "english_full_name", "domain_suffix", "flag_url", "capital", "capital_latitude", "capital_longitude", "locale_dict_code", "continent_ocean_dict_code", "currency_dict_code", "calling_code", "timezone_utc", "date_format", "founding_day", "driving_side_dict_code", "remark", "active", "built_in", "create_user", "create_time", "update_user", "update_time") VALUES ('UKR', null, '804', 'UA', 'UP', '乌克兰', 'Ukraine', null, '', 'ua', null, '基辅', 'N50.26', 'E30.31', null, 'continent-EU', null, '380', '+3', null, null, 'right', '乌克兰', true, true, null, null, null, null);
INSERT INTO "geo_country" ("id", "parent_id", "digital_code", "letter_code", "gec_code", "name", "english_name", "full_name", "english_full_name", "domain_suffix", "flag_url", "capital", "capital_latitude", "capital_longitude", "locale_dict_code", "continent_ocean_dict_code", "currency_dict_code", "calling_code", "timezone_utc", "date_format", "founding_day", "driving_side_dict_code", "remark", "active", "built_in", "create_user", "create_time", "update_user", "update_time") VALUES ('UGA', null, '800', 'UG', 'UG', '乌干达', 'Uganda', null, 'the Republic of Uganda', 'ug', null, '坎帕拉', 'N0.19', 'E32.25', null, 'continent-AF', 'UGX', '256', '+3', null, null, 'left', '乌干达', true, true, null, null, null, null);
INSERT INTO "geo_country" ("id", "parent_id", "digital_code", "letter_code", "gec_code", "name", "english_name", "full_name", "english_full_name", "domain_suffix", "flag_url", "capital", "capital_latitude", "capital_longitude", "locale_dict_code", "continent_ocean_dict_code", "currency_dict_code", "calling_code", "timezone_utc", "date_format", "founding_day", "driving_side_dict_code", "remark", "active", "built_in", "create_user", "create_time", "update_user", "update_time") VALUES ('GBR', null, '826', 'GB', 'UK', '英国', 'United Kingdom (the)', null, 'the United Kingdom of Great Britain and Northern Ireland', 'uk', null, '伦敦', 'N51.30', 'E0.10', 'en-GB', 'continent-EU', 'GBP', '44', '0', null, null, 'left', '英国', true, true, null, null, null, null);
INSERT INTO "geo_country" ("id", "parent_id", "digital_code", "letter_code", "gec_code", "name", "english_name", "full_name", "english_full_name", "domain_suffix", "flag_url", "capital", "capital_latitude", "capital_longitude", "locale_dict_code", "continent_ocean_dict_code", "currency_dict_code", "calling_code", "timezone_utc", "date_format", "founding_day", "driving_side_dict_code", "remark", "active", "built_in", "create_user", "create_time", "update_user", "update_time") VALUES ('UMI', 'USA', '581', 'UM', 'UM', '美国本土外小岛屿', 'United States Minor Outlying Islands (the)', null, '', 'um', null, null, null, null, null, null, null, null, null, null, null, 'right', '美国本土外小岛屿', true, true, null, null, null, null);
INSERT INTO "geo_country" ("id", "parent_id", "digital_code", "letter_code", "gec_code", "name", "english_name", "full_name", "english_full_name", "domain_suffix", "flag_url", "capital", "capital_latitude", "capital_longitude", "locale_dict_code", "continent_ocean_dict_code", "currency_dict_code", "calling_code", "timezone_utc", "date_format", "founding_day", "driving_side_dict_code", "remark", "active", "built_in", "create_user", "create_time", "update_user", "update_time") VALUES ('USA', null, '840', 'US', 'US', '美国', 'United States (the)', '美利坚合众国', 'the United States of America', 'us', null, '华盛顿', 'N38.54', 'W77.02', 'en-US', 'continent-NA', 'USD', '1', '-5', null, '1776-07-04', 'right', '美国', true, true, null, null, null, null);
INSERT INTO "geo_country" ("id", "parent_id", "digital_code", "letter_code", "gec_code", "name", "english_name", "full_name", "english_full_name", "domain_suffix", "flag_url", "capital", "capital_latitude", "capital_longitude", "locale_dict_code", "continent_ocean_dict_code", "currency_dict_code", "calling_code", "timezone_utc", "date_format", "founding_day", "driving_side_dict_code", "remark", "active", "built_in", "create_user", "create_time", "update_user", "update_time") VALUES ('URY', null, '858', 'UY', 'UY', '乌拉圭', 'Uruguay', null, 'the Eastern Republic of Uruguay', 'uy', null, '蒙得维的亚', 'S34.53', 'W56.11', 'es-UY', 'continent-SA', 'UYU', '598', '-3', null, null, 'right', '乌拉圭', true, true, null, null, null, null);
INSERT INTO "geo_country" ("id", "parent_id", "digital_code", "letter_code", "gec_code", "name", "english_name", "full_name", "english_full_name", "domain_suffix", "flag_url", "capital", "capital_latitude", "capital_longitude", "locale_dict_code", "continent_ocean_dict_code", "currency_dict_code", "calling_code", "timezone_utc", "date_format", "founding_day", "driving_side_dict_code", "remark", "active", "built_in", "create_user", "create_time", "update_user", "update_time") VALUES ('UZB', null, '860', 'UZ', 'UZ', '乌兹别克斯坦', 'Uzbekistan', null, 'the Republic of Uzbekistan', 'uz', null, '塔什干', null, null, null, 'continent-AS', 'UZS', '998', null, null, null, 'right', '乌兹别克斯坦', true, true, null, null, null, null);
INSERT INTO "geo_country" ("id", "parent_id", "digital_code", "letter_code", "gec_code", "name", "english_name", "full_name", "english_full_name", "domain_suffix", "flag_url", "capital", "capital_latitude", "capital_longitude", "locale_dict_code", "continent_ocean_dict_code", "currency_dict_code", "calling_code", "timezone_utc", "date_format", "founding_day", "driving_side_dict_code", "remark", "active", "built_in", "create_user", "create_time", "update_user", "update_time") VALUES ('VAT', null, '336', 'VA', 'VT', '梵蒂冈', 'Holy See (the) [Vatican City State]', null, '', 'va', null, '梵蒂冈城', 'N41.54', 'E12.27', null, 'continent-EU', null, null, '+1', null, null, 'right', '梵蒂冈', true, true, null, null, null, null);
INSERT INTO "geo_country" ("id", "parent_id", "digital_code", "letter_code", "gec_code", "name", "english_name", "full_name", "english_full_name", "domain_suffix", "flag_url", "capital", "capital_latitude", "capital_longitude", "locale_dict_code", "continent_ocean_dict_code", "currency_dict_code", "calling_code", "timezone_utc", "date_format", "founding_day", "driving_side_dict_code", "remark", "active", "built_in", "create_user", "create_time", "update_user", "update_time") VALUES ('VCT', null, '670', 'VC', 'VC', '圣文森特和格林纳丁斯', 'Saint Vincent and the Grenadines', null, '', 'vc', null, '金斯敦', null, null, null, null, null, '1', '-4', null, null, 'left', '圣文森特和格林纳丁斯', true, true, null, null, null, null);
INSERT INTO "geo_country" ("id", "parent_id", "digital_code", "letter_code", "gec_code", "name", "english_name", "full_name", "english_full_name", "domain_suffix", "flag_url", "capital", "capital_latitude", "capital_longitude", "locale_dict_code", "continent_ocean_dict_code", "currency_dict_code", "calling_code", "timezone_utc", "date_format", "founding_day", "driving_side_dict_code", "remark", "active", "built_in", "create_user", "create_time", "update_user", "update_time") VALUES ('VEN', null, '862', 'VE', 'VE', '委内瑞拉', 'Venezuela', null, 'the Bolivarian Republic of Venezuela', 've', null, '加拉加斯', 'N10.30', 'W66.56', 'es-VE', 'continent-SA', null, '58', '-4', null, null, 'right', '委内瑞拉', true, true, null, null, null, null);
INSERT INTO "geo_country" ("id", "parent_id", "digital_code", "letter_code", "gec_code", "name", "english_name", "full_name", "english_full_name", "domain_suffix", "flag_url", "capital", "capital_latitude", "capital_longitude", "locale_dict_code", "continent_ocean_dict_code", "currency_dict_code", "calling_code", "timezone_utc", "date_format", "founding_day", "driving_side_dict_code", "remark", "active", "built_in", "create_user", "create_time", "update_user", "update_time") VALUES ('VGB', 'GBR', '92', 'VG', 'VI', '英属维尔京群岛', 'Virgin Islands (British)', null, 'British Virgin Islands (the)', 'vg', null, '罗德城', null, null, null, null, null, '1', null, null, null, 'left', '英属维尔京群岛', true, true, null, null, null, null);
INSERT INTO "geo_country" ("id", "parent_id", "digital_code", "letter_code", "gec_code", "name", "english_name", "full_name", "english_full_name", "domain_suffix", "flag_url", "capital", "capital_latitude", "capital_longitude", "locale_dict_code", "continent_ocean_dict_code", "currency_dict_code", "calling_code", "timezone_utc", "date_format", "founding_day", "driving_side_dict_code", "remark", "active", "built_in", "create_user", "create_time", "update_user", "update_time") VALUES ('VIR', 'USA', '850', 'VI', 'VQ', '美属维尔京群岛', 'Virgin Islands (U.S.)', null, 'the Virgin Islands of the United States', 'vi', null, '夏洛特阿马利亚', null, null, null, null, null, null, null, null, null, 'left', '美属维尔京群岛', true, true, null, null, null, null);
INSERT INTO "geo_country" ("id", "parent_id", "digital_code", "letter_code", "gec_code", "name", "english_name", "full_name", "english_full_name", "domain_suffix", "flag_url", "capital", "capital_latitude", "capital_longitude", "locale_dict_code", "continent_ocean_dict_code", "currency_dict_code", "calling_code", "timezone_utc", "date_format", "founding_day", "driving_side_dict_code", "remark", "active", "built_in", "create_user", "create_time", "update_user", "update_time") VALUES ('VNM', null, '704', 'VN', 'VM', '越南', 'Viet Nam', null, 'the Socialist Republic of Viet Nam', 'vn', null, '河内', null, null, null, 'continent-AS', 'VND', '84', null, null, null, 'right', '越南', true, true, null, null, null, null);
INSERT INTO "geo_country" ("id", "parent_id", "digital_code", "letter_code", "gec_code", "name", "english_name", "full_name", "english_full_name", "domain_suffix", "flag_url", "capital", "capital_latitude", "capital_longitude", "locale_dict_code", "continent_ocean_dict_code", "currency_dict_code", "calling_code", "timezone_utc", "date_format", "founding_day", "driving_side_dict_code", "remark", "active", "built_in", "create_user", "create_time", "update_user", "update_time") VALUES ('VUT', null, '548', 'VU', 'NH', '瓦努阿图', 'Vanuatu', '瓦努阿图共和国', 'the Republic of Vanuatu', 'vu', null, null, null, null, null, null, 'VUV', '678', '+11', null, null, 'right', '瓦努阿图', true, true, null, null, null, null);
INSERT INTO "geo_country" ("id", "parent_id", "digital_code", "letter_code", "gec_code", "name", "english_name", "full_name", "english_full_name", "domain_suffix", "flag_url", "capital", "capital_latitude", "capital_longitude", "locale_dict_code", "continent_ocean_dict_code", "currency_dict_code", "calling_code", "timezone_utc", "date_format", "founding_day", "driving_side_dict_code", "remark", "active", "built_in", "create_user", "create_time", "update_user", "update_time") VALUES ('WLF', 'FRA', '876', 'WF', 'WF', '瓦利斯和富图纳', 'Wallis and Futuna', null, 'Wallis and Futuna Islands', 'wf', null, '马塔乌图', null, null, null, null, null, '681', null, null, null, 'right', '瓦利斯和富图纳', true, true, null, null, null, null);
INSERT INTO "geo_country" ("id", "parent_id", "digital_code", "letter_code", "gec_code", "name", "english_name", "full_name", "english_full_name", "domain_suffix", "flag_url", "capital", "capital_latitude", "capital_longitude", "locale_dict_code", "continent_ocean_dict_code", "currency_dict_code", "calling_code", "timezone_utc", "date_format", "founding_day", "driving_side_dict_code", "remark", "active", "built_in", "create_user", "create_time", "update_user", "update_time") VALUES ('WSM', null, '882', 'WS', 'WS', '萨摩亚', 'Samoa', null, 'the Independent State of Samoa', 'ws', null, null, null, null, null, null, 'WST', '685', null, null, null, 'right', '萨摩亚,位于太平洋南部,属于大洋洲，又称西萨摩亚', true, true, null, null, null, null);
INSERT INTO "geo_country" ("id", "parent_id", "digital_code", "letter_code", "gec_code", "name", "english_name", "full_name", "english_full_name", "domain_suffix", "flag_url", "capital", "capital_latitude", "capital_longitude", "locale_dict_code", "continent_ocean_dict_code", "currency_dict_code", "calling_code", "timezone_utc", "date_format", "founding_day", "driving_side_dict_code", "remark", "active", "built_in", "create_user", "create_time", "update_user", "update_time") VALUES ('YEM', null, '887', 'YE', 'YM', '也门', 'Yemen', null, 'the Republic of Yemen', 'ye', null, '萨那', null, null, 'ar-YE', 'continent-AS', null, '967', null, null, null, 'right', '也门', true, true, null, null, null, null);
INSERT INTO "geo_country" ("id", "parent_id", "digital_code", "letter_code", "gec_code", "name", "english_name", "full_name", "english_full_name", "domain_suffix", "flag_url", "capital", "capital_latitude", "capital_longitude", "locale_dict_code", "continent_ocean_dict_code", "currency_dict_code", "calling_code", "timezone_utc", "date_format", "founding_day", "driving_side_dict_code", "remark", "active", "built_in", "create_user", "create_time", "update_user", "update_time") VALUES ('MYT', 'FRA', '175', 'YT', 'MF', '马约特', 'Mayotte', null, '', 'yt', null, '马穆楚', null, null, null, null, null, '262', null, null, null, 'right', '马约特', true, true, null, null, null, null);
INSERT INTO "geo_country" ("id", "parent_id", "digital_code", "letter_code", "gec_code", "name", "english_name", "full_name", "english_full_name", "domain_suffix", "flag_url", "capital", "capital_latitude", "capital_longitude", "locale_dict_code", "continent_ocean_dict_code", "currency_dict_code", "calling_code", "timezone_utc", "date_format", "founding_day", "driving_side_dict_code", "remark", "active", "built_in", "create_user", "create_time", "update_user", "update_time") VALUES ('ZAF', null, '710', 'ZA', 'SF', '南非', 'South Africa', null, 'the Republic of South Africa', 'za', null, '比勒陀利亚、开普敦、布隆方丹', 'S35.56', 'E18.28', 'en-ZA', 'continent-AF', 'ZAR', '27', '+2', null, null, 'left', '南非', true, true, null, null, null, null);
INSERT INTO "geo_country" ("id", "parent_id", "digital_code", "letter_code", "gec_code", "name", "english_name", "full_name", "english_full_name", "domain_suffix", "flag_url", "capital", "capital_latitude", "capital_longitude", "locale_dict_code", "continent_ocean_dict_code", "currency_dict_code", "calling_code", "timezone_utc", "date_format", "founding_day", "driving_side_dict_code", "remark", "active", "built_in", "create_user", "create_time", "update_user", "update_time") VALUES ('ZMB', null, '894', 'ZM', 'ZA', '赞比亚', 'Zambia', null, 'the Republic of Zambia', 'zm', null, '卢萨卡', 'S15.25', 'E28.17', null, 'continent-AF', null, '260', '+2', null, null, 'left', '赞比亚', true, true, null, null, null, null);
INSERT INTO "geo_country" ("id", "parent_id", "digital_code", "letter_code", "gec_code", "name", "english_name", "full_name", "english_full_name", "domain_suffix", "flag_url", "capital", "capital_latitude", "capital_longitude", "locale_dict_code", "continent_ocean_dict_code", "currency_dict_code", "calling_code", "timezone_utc", "date_format", "founding_day", "driving_side_dict_code", "remark", "active", "built_in", "create_user", "create_time", "update_user", "update_time") VALUES ('ZWE', null, '716', 'ZW', 'ZI', '津巴布韦', 'Zimbabwe', null, 'the Republic of Zimbabwe', 'zw', null, '哈拉雷', 'S17.50', 'E31.03', null, 'continent-AF', 'ZWL', '263', '+2', null, null, 'left', '津巴布韦', true, true, null, null, null, null);
INSERT INTO "geo_country" ("id", "parent_id", "digital_code", "letter_code", "gec_code", "name", "english_name", "full_name", "english_full_name", "domain_suffix", "flag_url", "capital", "capital_latitude", "capital_longitude", "locale_dict_code", "continent_ocean_dict_code", "currency_dict_code", "calling_code", "timezone_utc", "date_format", "founding_day", "driving_side_dict_code", "remark", "active", "built_in", "create_user", "create_time", "update_user", "update_time") VALUES ('BOH', 'CZE', null, 'BO', 'BO', '波希米亚', 'Bolivia', null, null, null, null, null, null, null, null, null, null, '591', null, null, null, 'right', '波希米亚', true, true, null, null, null, null);
INSERT INTO "geo_country" ("id", "parent_id", "digital_code", "letter_code", "gec_code", "name", "english_name", "full_name", "english_full_name", "domain_suffix", "flag_url", "capital", "capital_latitude", "capital_longitude", "locale_dict_code", "continent_ocean_dict_code", "currency_dict_code", "calling_code", "timezone_utc", "date_format", "founding_day", "driving_side_dict_code", "remark", "active", "built_in", "create_user", "create_time", "update_user", "update_time") VALUES ('DAH', null, null, 'DH', 'DA', '达荷美', null, '达恩·荷美·胡埃贝格', null, null, null, null, null, null, null, null, null, null, null, null, null, 'right', '1990年3月1日又改为贝宁共和国', false, true, null, null, null, null);
INSERT INTO "geo_country" ("id", "parent_id", "digital_code", "letter_code", "gec_code", "name", "english_name", "full_name", "english_full_name", "domain_suffix", "flag_url", "capital", "capital_latitude", "capital_longitude", "locale_dict_code", "continent_ocean_dict_code", "currency_dict_code", "calling_code", "timezone_utc", "date_format", "founding_day", "driving_side_dict_code", "remark", "active", "built_in", "create_user", "create_time", "update_user", "update_time") VALUES ('RHO', null, null, 'RO', 'RH', '罗得西亚', 'Romania', null, null, null, null, null, null, null, null, null, null, '40', null, null, null, 'right', '改为津巴布韦', false, true, null, null, null, null);
INSERT INTO "geo_country" ("id", "parent_id", "digital_code", "letter_code", "gec_code", "name", "english_name", "full_name", "english_full_name", "domain_suffix", "flag_url", "capital", "capital_latitude", "capital_longitude", "locale_dict_code", "continent_ocean_dict_code", "currency_dict_code", "calling_code", "timezone_utc", "date_format", "founding_day", "driving_side_dict_code", "remark", "active", "built_in", "create_user", "create_time", "update_user", "update_time") VALUES ('SCG', null, null, 'SG', 'SC', '塞尔维亚和黑山', 'Singapore', '塞尔维亚和黑山国家联盟', null, null, null, null, null, null, null, null, null, '65', null, null, null, 'right', '塞尔维亚和黑山', true, true, null, null, null, null);
INSERT INTO "geo_country" ("id", "parent_id", "digital_code", "letter_code", "gec_code", "name", "english_name", "full_name", "english_full_name", "domain_suffix", "flag_url", "capital", "capital_latitude", "capital_longitude", "locale_dict_code", "continent_ocean_dict_code", "currency_dict_code", "calling_code", "timezone_utc", "date_format", "founding_day", "driving_side_dict_code", "remark", "active", "built_in", "create_user", "create_time", "update_user", "update_time") VALUES ('TCH', null, null, 'TC', 'TC', '捷克斯洛伐克', 'Slovakia', null, null, null, null, '布拉迪斯拉发', 'N48.10', 'E17.10', 'sk', 'continent-EU', null, '1', '+1', null, null, 'right', '捷克斯洛伐克，解体为捷克和斯洛伐克两个国家', false, true, null, null, null, null);
INSERT INTO "geo_country" ("id", "parent_id", "digital_code", "letter_code", "gec_code", "name", "english_name", "full_name", "english_full_name", "domain_suffix", "flag_url", "capital", "capital_latitude", "capital_longitude", "locale_dict_code", "continent_ocean_dict_code", "currency_dict_code", "calling_code", "timezone_utc", "date_format", "founding_day", "driving_side_dict_code", "remark", "active", "built_in", "create_user", "create_time", "update_user", "update_time") VALUES ('UAR', null, null, 'UA', 'UA', '阿拉伯联合共和国', 'Ukraine', null, null, null, null, '开罗', 'N30.03', 'E31.15', 'ar-AE', 'continent-AS', null, '380', '+2', null, null, 'right', '阿拉伯联合共和国', true, true, null, null, null, null);
INSERT INTO "geo_country" ("id", "parent_id", "digital_code", "letter_code", "gec_code", "name", "english_name", "full_name", "english_full_name", "domain_suffix", "flag_url", "capital", "capital_latitude", "capital_longitude", "locale_dict_code", "continent_ocean_dict_code", "currency_dict_code", "calling_code", "timezone_utc", "date_format", "founding_day", "driving_side_dict_code", "remark", "active", "built_in", "create_user", "create_time", "update_user", "update_time") VALUES ('URS', null, null, 'UR', 'UR', '苏联', null, null, null, null, null, null, null, null, null, null, null, null, null, null, null, 'right', '苏联，解体', false, true, null, null, null, null);
INSERT INTO "geo_country" ("id", "parent_id", "digital_code", "letter_code", "gec_code", "name", "english_name", "full_name", "english_full_name", "domain_suffix", "flag_url", "capital", "capital_latitude", "capital_longitude", "locale_dict_code", "continent_ocean_dict_code", "currency_dict_code", "calling_code", "timezone_utc", "date_format", "founding_day", "driving_side_dict_code", "remark", "active", "built_in", "create_user", "create_time", "update_user", "update_time") VALUES ('VOL', null, null, 'VL', 'VO', '上沃尔特', null, null, null, null, null, null, null, null, null, null, null, null, null, null, null, 'right', '1984年8月4日更名“布基纳法索”', false, true, null, null, null, null);
INSERT INTO "geo_country" ("id", "parent_id", "digital_code", "letter_code", "gec_code", "name", "english_name", "full_name", "english_full_name", "domain_suffix", "flag_url", "capital", "capital_latitude", "capital_longitude", "locale_dict_code", "continent_ocean_dict_code", "currency_dict_code", "calling_code", "timezone_utc", "date_format", "founding_day", "driving_side_dict_code", "remark", "active", "built_in", "create_user", "create_time", "update_user", "update_time") VALUES ('WIF', null, null, 'WI', 'WI', '西印度群岛联邦', null, null, null, null, null, null, null, null, null, null, null, null, null, null, null, 'right', '1962年5月31日解体', false, true, null, null, null, null);
INSERT INTO "geo_country" ("id", "parent_id", "digital_code", "letter_code", "gec_code", "name", "english_name", "full_name", "english_full_name", "domain_suffix", "flag_url", "capital", "capital_latitude", "capital_longitude", "locale_dict_code", "continent_ocean_dict_code", "currency_dict_code", "calling_code", "timezone_utc", "date_format", "founding_day", "driving_side_dict_code", "remark", "active", "built_in", "create_user", "create_time", "update_user", "update_time") VALUES ('YUG', null, null, 'YG', 'YU', '南斯拉夫', 'Yugoslavia', null, null, null, null, null, 'N44.50', 'E20.30', null, null, null, null, '+1', null, null, 'right', '南斯拉夫，解体', false, true, null, null, null, null);
INSERT INTO "geo_country" ("id", "parent_id", "digital_code", "letter_code", "gec_code", "name", "english_name", "full_name", "english_full_name", "domain_suffix", "flag_url", "capital", "capital_latitude", "capital_longitude", "locale_dict_code", "continent_ocean_dict_code", "currency_dict_code", "calling_code", "timezone_utc", "date_format", "founding_day", "driving_side_dict_code", "remark", "active", "built_in", "create_user", "create_time", "update_user", "update_time") VALUES ('ZAI', null, null, 'ZA', 'ZA', '扎伊尔', 'Zaire', null, null, null, null, null, 'S4.18', 'E15.18', null, null, null, '27', '+1', null, null, 'right', '1997年恢复国名为刚果民主共和国', false, true, null, null, null, null);
INSERT INTO "geo_country" ("id", "parent_id", "digital_code", "letter_code", "gec_code", "name", "english_name", "full_name", "english_full_name", "domain_suffix", "flag_url", "capital", "capital_latitude", "capital_longitude", "locale_dict_code", "continent_ocean_dict_code", "currency_dict_code", "calling_code", "timezone_utc", "date_format", "founding_day", "driving_side_dict_code", "remark", "active", "built_in", "create_user", "create_time", "update_user", "update_time") VALUES ('FXX', 'FRA', '249', 'FX', 'FX', '法国本土', null, null, null, null, null, null, null, null, null, null, null, null, null, null, null, 'right', '法国本土', true, true, null, null, null, null);
INSERT INTO "geo_country" ("id", "parent_id", "digital_code", "letter_code", "gec_code", "name", "english_name", "full_name", "english_full_name", "domain_suffix", "flag_url", "capital", "capital_latitude", "capital_longitude", "locale_dict_code", "continent_ocean_dict_code", "currency_dict_code", "calling_code", "timezone_utc", "date_format", "founding_day", "driving_side_dict_code", "remark", "active", "built_in", "create_user", "create_time", "update_user", "update_time") VALUES ('XKS', 'SRB', null, 'XK', 'KV', '科索沃', 'Kosovo', null, null, null, null, '普里什蒂纳', null, null, null, null, null, '384', null, null, null, 'right', '科索沃', true, true, null, null, null, null);